Name;Long;Lat;ModuleName;ModuleType
Relay;4.954205;52.332817;Thermostat;Thermostat
Timestamp;"Timezone : Europe/Amsterdam";Temperature;Sp_Temperature;BoilerOn;BoilerOff
1669849245;"2022/12/01 00:00:45";18.2;14.5;0;592
1669849847;"2022/12/01 00:10:47";18.1;14.5;0;602
1669850450;"2022/12/01 00:20:50";18.1;14.5;0;603
1669851052;"2022/12/01 00:30:52";18;14.5;0;602
1669851655;"2022/12/01 00:40:55";18;14.5;0;603
1669852246;"2022/12/01 00:50:46";18;14.5;0;591
1669852849;"2022/12/01 01:00:49";17.9;14.5;0;603
1669853451;"2022/12/01 01:10:51";17.9;14.5;0;602
1669854054;"2022/12/01 01:20:54";17.9;14.5;0;603
1669854645;"2022/12/01 01:30:45";17.9;14.5;0;591
1669855248;"2022/12/01 01:40:48";17.8;14.5;0;603
1669855850;"2022/12/01 01:50:50";17.8;14.5;0;602
1669856452;"2022/12/01 02:00:52";17.8;14.5;0;602
1669857055;"2022/12/01 02:10:55";17.8;14.5;0;603
1669857647;"2022/12/01 02:20:47";17.8;14.5;0;592
1669858249;"2022/12/01 02:30:49";17.7;14.5;0;602
1669858851;"2022/12/01 02:40:51";17.7;14.5;0;602
1669859454;"2022/12/01 02:50:54";17.7;14.5;0;603
1669860045;"2022/12/01 03:00:45";17.7;14.5;0;591
1669860648;"2022/12/01 03:10:48";17.6;14.5;0;603
1669861250;"2022/12/01 03:20:50";17.6;14.5;0;602
1669861853;"2022/12/01 03:30:53";17.6;14.5;0;603
1669862455;"2022/12/01 03:40:55";17.6;14.5;0;602
1669863047;"2022/12/01 03:50:47";17.6;14.5;0;592
1669863649;"2022/12/01 04:00:49";17.6;14.5;0;602
1669864252;"2022/12/01 04:10:52";17.5;14.5;0;603
1669864854;"2022/12/01 04:20:54";17.5;14.5;0;602
1669865446;"2022/12/01 04:30:46";17.5;14.5;0;592
1669866048;"2022/12/01 04:40:48";17.5;14.5;0;602
1669866651;"2022/12/01 04:50:51";17.5;14.5;0;603
1669867253;"2022/12/01 05:00:53";17.5;14.5;0;602
1669867855;"2022/12/01 05:10:55";17.4;14.5;0;602
1669868447;"2022/12/01 05:20:47";17.4;14.5;0;592
1669869049;"2022/12/01 05:30:49";17.4;14.5;0;602
1669869652;"2022/12/01 05:40:52";17.4;14.5;0;603
1669870254;"2022/12/01 05:50:54";17.4;14.5;0;602
1669870846;"2022/12/01 06:00:46";17.4;14.5;0;592
1669871448;"2022/12/01 06:10:48";17.4;14.5;0;602
1669872051;"2022/12/01 06:20:51";17.3;14.5;0;603
1669872653;"2022/12/01 06:30:53";17.3;14.5;0;602
1669873256;"2022/12/01 06:40:56";17.3;14.5;0;603
1669873847;"2022/12/01 06:50:47";17.3;14.5;0;591
1669874450;"2022/12/01 07:00:50";17.3;14.5;0;603
1669874966;"2022/12/01 07:09:26";17.3;18.5;0;516
1669875558;"2022/12/01 07:19:18";17.3;18.5;592;0
1669876160;"2022/12/01 07:29:20";17.5;18.5;602;0
1669876763;"2022/12/01 07:39:23";17.8;18.5;603;0
1669877365;"2022/12/01 07:49:25";18.2;18.5;602;0
1669877957;"2022/12/01 07:59:17";18.4;18.5;119;473
1669878559;"2022/12/01 08:09:19";18.5;18.5;0;602
1669879161;"2022/12/01 08:19:21";18.5;18.5;0;602
1669879764;"2022/12/01 08:29:24";18.5;18.5;0;603
1669880356;"2022/12/01 08:39:16";18.4;18.5;0;592
1669880958;"2022/12/01 08:49:18";18.4;18.5;0;602
1669881560;"2022/12/01 08:59:20";18.3;18.5;322;280
1669882163;"2022/12/01 09:09:23";18.3;18.5;355;248
1669882765;"2022/12/01 09:19:25";18.4;18.5;344;258
1669883357;"2022/12/01 09:29:17";18.6;18.5;11;581
1669883959;"2022/12/01 09:39:19";18.6;18.5;129;473
1669884562;"2022/12/01 09:49:22";18.6;18.5;0;603
1669885164;"2022/12/01 09:59:24";18.6;18.5;129;473
1669885229;"2022/12/01 10:00:29";18.5;14.5;65;0
1669885820;"2022/12/01 10:10:20";18.5;14.5;0;591
1669886423;"2022/12/01 10:20:23";18.5;14.5;0;603
1669887025;"2022/12/01 10:30:25";18.5;14.5;0;602
1669887628;"2022/12/01 10:40:28";18.4;14.5;0;603
1669888219;"2022/12/01 10:50:19";18.4;14.5;0;591
1669888822;"2022/12/01 11:00:22";18.3;14.5;0;603
1669889424;"2022/12/01 11:10:24";18.3;14.5;0;602
1669890026;"2022/12/01 11:20:26";18.2;14.5;0;602
1669890618;"2022/12/01 11:30:18";18.2;14.5;0;592
1669891221;"2022/12/01 11:40:21";18.2;14.5;0;603
1669891823;"2022/12/01 11:50:23";18.2;14.5;0;602
1669892425;"2022/12/01 12:00:25";18.3;14.5;0;602
1669893028;"2022/12/01 12:10:28";18.3;14.5;0;603
1669893619;"2022/12/01 12:20:19";18.3;14.5;0;591
1669894222;"2022/12/01 12:30:22";18.3;14.5;0;603
1669894824;"2022/12/01 12:40:24";18.3;14.5;0;602
1669895427;"2022/12/01 12:50:27";18.4;14.5;0;603
1669896029;"2022/12/01 13:00:29";18.4;14.5;0;602
1669896621;"2022/12/01 13:10:21";18.4;14.5;0;592
1669897223;"2022/12/01 13:20:23";18.4;14.5;0;602
1669897826;"2022/12/01 13:30:26";18.4;14.5;0;603
1669898428;"2022/12/01 13:40:28";18.4;14.5;0;602
1669899020;"2022/12/01 13:50:20";18.4;14.5;0;592
1669899622;"2022/12/01 14:00:22";18.4;14.5;0;602
1669900225;"2022/12/01 14:10:25";18.4;14.5;0;603
1669900827;"2022/12/01 14:20:27";18.4;14.5;0;602
1669901419;"2022/12/01 14:30:19";18.4;14.5;0;592
1669902021;"2022/12/01 14:40:21";18.3;14.5;0;602
1669902623;"2022/12/01 14:50:23";18.3;14.5;0;602
1669903226;"2022/12/01 15:00:26";18.2;14.5;0;603
1669903828;"2022/12/01 15:10:28";18.2;14.5;0;602
1669904420;"2022/12/01 15:20:20";18.1;14.5;0;592
1669905022;"2022/12/01 15:30:22";18.1;14.5;0;602
1669905625;"2022/12/01 15:40:25";18;14.5;0;603
1669906227;"2022/12/01 15:50:27";18;14.5;0;602
1669906819;"2022/12/01 16:00:19";17.9;14.5;0;592
1669907421;"2022/12/01 16:10:21";17.9;14.5;0;602
1669908024;"2022/12/01 16:20:24";17.8;14.5;0;603
1669908626;"2022/12/01 16:30:26";17.8;14.5;0;602
1669909229;"2022/12/01 16:40:29";17.8;14.5;0;603
1669909820;"2022/12/01 16:50:20";17.7;14.5;0;591
1669910423;"2022/12/01 17:00:23";17.7;14.5;0;603
1669910853;"2022/12/01 17:07:33";17.7;18.5;0;430
1669911445;"2022/12/01 17:17:25";17.7;18.5;592;0
1669912047;"2022/12/01 17:27:27";17.9;18.5;602;0
1669912649;"2022/12/01 17:37:29";18.2;18.5;602;0
1669913252;"2022/12/01 17:47:32";18.5;18.5;12;591
1669913843;"2022/12/01 17:57:23";18.6;18.5;0;591
1669914446;"2022/12/01 18:07:26";18.6;18.5;0;603
1669915048;"2022/12/01 18:17:28";18.6;18.5;0;602
1669915651;"2022/12/01 18:27:31";18.5;18.5;0;603
1669916242;"2022/12/01 18:37:22";18.4;18.5;0;591
1669916845;"2022/12/01 18:47:25";18.4;18.5;0;603
1669917447;"2022/12/01 18:57:27";18.4;18.5;259;343
1669918050;"2022/12/01 19:07:30";18.4;18.5;323;280
1669918652;"2022/12/01 19:17:32";18.5;18.5;259;343
1669919244;"2022/12/01 19:27:24";18.6;18.5;0;592
1669919846;"2022/12/01 19:37:26";18.6;18.5;129;473
1669920449;"2022/12/01 19:47:29";18.6;18.5;0;603
1669921051;"2022/12/01 19:57:31";18.5;18.5;129;473
1669921632;"2022/12/01 20:07:12";18.5;18.5;129;452
1669922245;"2022/12/01 20:17:25";18.5;18.5;86;527
1669922847;"2022/12/01 20:27:27";18.6;18.5;33;569
1669923450;"2022/12/01 20:37:30";18.6;18.5;0;603
1669924052;"2022/12/01 20:47:32";18.6;18.5;0;602
1669924644;"2022/12/01 20:57:24";18.6;18.5;0;592
1669925246;"2022/12/01 21:07:26";18.6;18.5;0;602
1669925849;"2022/12/01 21:17:29";18.5;18.5;0;603
1669926451;"2022/12/01 21:27:31";18.5;18.5;0;602
1669927043;"2022/12/01 21:37:23";18.5;18.5;130;462
1669927645;"2022/12/01 21:47:25";18.5;18.5;129;473
1669928248;"2022/12/01 21:57:28";18.5;18.5;0;603
1669928850;"2022/12/01 22:07:30";18.5;18.5;129;473
1669929453;"2022/12/01 22:17:33";18.5;18.5;0;603
1669930044;"2022/12/01 22:27:24";18.5;18.5;129;462
1669930216;"2022/12/01 22:30:16";18.5;14.5;0;172
1669930808;"2022/12/01 22:40:08";18.5;14.5;0;592
1669931410;"2022/12/01 22:50:10";18.5;14.5;0;602
1669932013;"2022/12/01 23:00:13";18.4;14.5;0;603
1669932615;"2022/12/01 23:10:15";18.3;14.5;0;602
1669933207;"2022/12/01 23:20:07";18.3;14.5;0;592
1669933809;"2022/12/01 23:30:09";18.3;14.5;0;602
1669934412;"2022/12/01 23:40:12";18.2;14.5;0;603
1669935014;"2022/12/01 23:50:14";18.2;14.5;0;602
1669935606;"2022/12/02 00:00:06";18.1;14.5;0;592
1669936208;"2022/12/02 00:10:08";18.1;14.5;0;602
1669936811;"2022/12/02 00:20:11";18;14.5;0;603
1669937413;"2022/12/02 00:30:13";18;14.5;0;602
1669938015;"2022/12/02 00:40:15";18;14.5;0;602
1669938607;"2022/12/02 00:50:07";17.9;14.5;0;592
1669939210;"2022/12/02 01:00:10";17.9;14.5;0;603
1669939812;"2022/12/02 01:10:12";17.9;14.5;0;602
1669940414;"2022/12/02 01:20:14";17.9;14.5;0;602
1669941017;"2022/12/02 01:30:17";17.8;14.5;0;603
1669941608;"2022/12/02 01:40:08";17.8;14.5;0;591
1669942211;"2022/12/02 01:50:11";17.8;14.5;0;603
1669942813;"2022/12/02 02:00:13";17.7;14.5;0;602
1669943416;"2022/12/02 02:10:16";17.7;14.5;0;603
1669944007;"2022/12/02 02:20:07";17.7;14.5;0;591
1669944610;"2022/12/02 02:30:10";17.7;14.5;0;603
1669945212;"2022/12/02 02:40:12";17.6;14.5;0;602
1669945815;"2022/12/02 02:50:15";17.6;14.5;0;603
1669946417;"2022/12/02 03:00:17";17.6;14.5;0;602
1669947009;"2022/12/02 03:10:09";17.6;14.5;0;592
1669947611;"2022/12/02 03:20:11";17.6;14.5;0;602
1669948213;"2022/12/02 03:30:13";17.5;14.5;0;602
1669948816;"2022/12/02 03:40:16";17.5;14.5;0;603
1669949408;"2022/12/02 03:50:08";17.5;14.5;0;592
1669950010;"2022/12/02 04:00:10";17.5;14.5;0;602
1669950612;"2022/12/02 04:10:12";17.5;14.5;0;602
1669951215;"2022/12/02 04:20:15";17.5;14.5;0;603
1669951817;"2022/12/02 04:30:17";17.4;14.5;0;602
1669952409;"2022/12/02 04:40:09";17.4;14.5;0;592
1669953011;"2022/12/02 04:50:11";17.4;14.5;0;602
1669953614;"2022/12/02 05:00:14";17.4;14.5;0;603
1669954216;"2022/12/02 05:10:16";17.4;14.5;0;602
1669954808;"2022/12/02 05:20:08";17.3;14.5;0;592
1669955410;"2022/12/02 05:30:10";17.3;14.5;0;602
1669956013;"2022/12/02 05:40:13";17.3;14.5;0;603
1669956615;"2022/12/02 05:50:15";17.3;14.5;0;602
1669957217;"2022/12/02 06:00:17";17.3;14.5;0;602
1669957809;"2022/12/02 06:10:09";17.3;14.5;0;592
1669958412;"2022/12/02 06:20:12";17.2;14.5;0;603
1669959014;"2022/12/02 06:30:14";17.2;14.5;0;602
1669959616;"2022/12/02 06:40:16";17.2;14.5;0;602
1669960208;"2022/12/02 06:50:08";17.2;14.5;0;592
1669960617;"2022/12/02 06:56:57";17.2;18.5;0;409
1669961208;"2022/12/02 07:06:48";17.2;18.5;591;0
1669961811;"2022/12/02 07:16:51";17.4;18.5;603;0
1669962413;"2022/12/02 07:26:53";17.7;18.5;602;0
1669963016;"2022/12/02 07:36:56";18.1;18.5;603;0
1669963607;"2022/12/02 07:46:47";18.4;18.5;311;280
1669964210;"2022/12/02 07:56:50";18.5;18.5;0;603
1669964812;"2022/12/02 08:06:52";18.5;18.5;0;602
1669965415;"2022/12/02 08:16:55";18.4;18.5;0;603
1669966006;"2022/12/02 08:26:46";18.4;18.5;258;333
1669966609;"2022/12/02 08:36:49";18.5;18.5;193;410
1669967211;"2022/12/02 08:46:51";18.5;18.5;0;602
1669967814;"2022/12/02 08:56:54";18.5;18.5;162;441
1669968416;"2022/12/02 09:06:56";18.4;18.5;150;452
1669969008;"2022/12/02 09:16:48";18.4;18.5;140;452
1669969610;"2022/12/02 09:26:50";18.4;18.5;279;323
1669970212;"2022/12/02 09:36:52";18.5;18.5;237;365
1669970815;"2022/12/02 09:46:55";18.6;18.5;258;345
1669971407;"2022/12/02 09:56:47";18.6;18.5;0;592
1669971654;"2022/12/02 10:00:54";18.5;14.5;129;118
1669972246;"2022/12/02 10:10:46";18.5;14.5;0;592
1669972848;"2022/12/02 10:20:48";18.5;14.5;0;602
1669973450;"2022/12/02 10:30:50";18.4;14.5;0;602
1669974053;"2022/12/02 10:40:53";18.4;14.5;0;603
1669974645;"2022/12/02 10:50:45";18.3;14.5;0;592
1669975247;"2022/12/02 11:00:47";18.3;14.5;0;602
1669975849;"2022/12/02 11:10:49";18.2;14.5;0;602
1669976452;"2022/12/02 11:20:52";18.1;14.5;0;603
1669977043;"2022/12/02 11:30:43";18.1;14.5;0;591
1669977646;"2022/12/02 11:40:46";18;14.5;0;603
1669978248;"2022/12/02 11:50:48";17.9;14.5;0;602
1669978851;"2022/12/02 12:00:51";17.9;14.5;0;603
1669979453;"2022/12/02 12:10:53";17.8;14.5;0;602
1669980045;"2022/12/02 12:20:45";17.8;14.5;0;592
1669980647;"2022/12/02 12:30:47";17.8;14.5;0;602
1669981250;"2022/12/02 12:40:50";17.7;14.5;0;603
1669981852;"2022/12/02 12:50:52";17.7;14.5;0;602
1669982454;"2022/12/02 13:00:54";17.6;14.5;0;602
1669983035;"2022/12/02 13:10:35";17.6;14.5;0;581
1669983638;"2022/12/02 13:20:38";17.6;14.5;0;603
1669984251;"2022/12/02 13:30:51";17.6;14.5;0;613
1669984832;"2022/12/02 13:40:32";17.5;14.5;0;581
1669985445;"2022/12/02 13:50:45";17.5;14.5;0;613
1669986047;"2022/12/02 14:00:47";17.5;14.5;0;602
1669986650;"2022/12/02 14:10:50";17.4;14.5;0;603
1669987252;"2022/12/02 14:20:52";17.4;14.5;0;602
1669987844;"2022/12/02 14:30:44";17.4;14.5;0;592
1669988446;"2022/12/02 14:40:46";17.3;14.5;0;602
1669989049;"2022/12/02 14:50:49";17.3;14.5;0;603
1669989651;"2022/12/02 15:00:51";17.3;14.5;0;602
1669990254;"2022/12/02 15:10:54";17.3;14.5;0;603
1669990845;"2022/12/02 15:20:45";17.3;14.5;0;591
1669991448;"2022/12/02 15:30:48";17.2;14.5;0;603
1669992050;"2022/12/02 15:40:50";17.2;14.5;0;602
1669992652;"2022/12/02 15:50:52";17.2;14.5;0;602
1669993244;"2022/12/02 16:00:44";17.1;14.5;0;592
1669993847;"2022/12/02 16:10:47";17.1;14.5;0;603
1669994449;"2022/12/02 16:20:49";17.1;14.5;0;602
1669995051;"2022/12/02 16:30:51";17.1;14.5;0;602
1669995342;"2022/12/02 16:35:42";17.1;18.5;0;291
1669995934;"2022/12/02 16:45:34";17.1;18.5;592;0
1669996536;"2022/12/02 16:55:36";17.3;18.5;602;0
1669997138;"2022/12/02 17:05:38";17.7;18.5;602;0
1669997741;"2022/12/02 17:15:41";18;18.5;603;0
1669998332;"2022/12/02 17:25:32";18.3;18.5;440;151
1669998935;"2022/12/02 17:35:35";18.4;18.5;0;603
1669999537;"2022/12/02 17:45:37";18.4;18.5;193;409
1670000140;"2022/12/02 17:55:40";18.4;18.5;0;603
1670000731;"2022/12/02 18:05:31";18.4;18.5;226;365
1670001334;"2022/12/02 18:15:34";18.4;18.5;343;260
1670001936;"2022/12/02 18:25:36";18.5;18.5;204;398
1670002539;"2022/12/02 18:35:39";18.6;18.5;0;603
1670003141;"2022/12/02 18:45:41";18.5;18.5;54;548
1670003733;"2022/12/02 18:55:33";18.5;18.5;140;452
1670004335;"2022/12/02 19:05:35";18.5;18.5;193;409
1670004938;"2022/12/02 19:15:38";18.5;18.5;194;409
1670005540;"2022/12/02 19:25:40";18.5;18.5;194;408
1670006132;"2022/12/02 19:35:32";18.5;18.5;130;462
1670006734;"2022/12/02 19:45:34";18.5;18.5;195;407
1670007336;"2022/12/02 19:55:36";18.5;18.5;129;473
1670007939;"2022/12/02 20:05:39";18.5;18.5;194;409
1670008541;"2022/12/02 20:15:41";18.5;18.5;129;473
1670009133;"2022/12/02 20:25:33";18.5;18.5;193;399
1670009735;"2022/12/02 20:35:35";18.5;18.5;194;408
1670010338;"2022/12/02 20:45:38";18.5;18.5;129;474
1670010940;"2022/12/02 20:55:40";18.5;18.5;108;494
1670011532;"2022/12/02 21:05:32";18.5;18.5;140;452
1670012134;"2022/12/02 21:15:34";18.5;18.5;151;451
1670012737;"2022/12/02 21:25:37";18.5;18.5;184;419
1670013339;"2022/12/02 21:35:39";18.5;18.5;130;472
1670013941;"2022/12/02 21:45:41";18.6;18.5;128;474
1670014533;"2022/12/02 21:55:33";18.6;18.5;0;592
1670015136;"2022/12/02 22:05:36";18.6;18.5;0;603
1670015738;"2022/12/02 22:15:38";18.5;18.5;129;473
1670016340;"2022/12/02 22:25:40";18.5;18.5;0;602
1670016932;"2022/12/02 22:35:32";18.4;18.5;258;334
1670017534;"2022/12/02 22:45:34";18.4;18.5;248;354
1670018137;"2022/12/02 22:55:37";18.5;18.5;204;399
1670018449;"2022/12/02 23:00:49";18.5;14.5;0;312
1670019041;"2022/12/02 23:10:41";18.6;14.5;0;592
1670019643;"2022/12/02 23:20:43";18.5;14.5;0;602
1670020245;"2022/12/02 23:30:45";18.5;14.5;0;602
1670020848;"2022/12/02 23:40:48";18.4;14.5;0;603
1670021439;"2022/12/02 23:50:39";18.4;14.5;0;591
1670022042;"2022/12/03 00:00:42";18.3;14.5;0;603
1670022644;"2022/12/03 00:10:44";18.3;14.5;0;602
1670023247;"2022/12/03 00:20:47";18.2;14.5;0;603
1670023838;"2022/12/03 00:30:38";18.1;14.5;0;591
1670024441;"2022/12/03 00:40:41";18.1;14.5;0;603
1670025043;"2022/12/03 00:50:43";18;14.5;0;602
1670025646;"2022/12/03 01:00:46";18;14.5;0;603
1670026248;"2022/12/03 01:10:48";17.9;14.5;0;602
1670026840;"2022/12/03 01:20:40";17.9;14.5;0;592
1670027442;"2022/12/03 01:30:42";17.9;14.5;0;602
1670028044;"2022/12/03 01:40:44";17.8;14.5;0;602
1670028647;"2022/12/03 01:50:47";17.8;14.5;0;603
1670029239;"2022/12/03 02:00:39";17.8;14.5;0;592
1670029841;"2022/12/03 02:10:41";17.7;14.5;0;602
1670030443;"2022/12/03 02:20:43";17.7;14.5;0;602
1670031046;"2022/12/03 02:30:46";17.7;14.5;0;603
1670031648;"2022/12/03 02:40:48";17.6;14.5;0;602
1670032240;"2022/12/03 02:50:40";17.6;14.5;0;592
1670032842;"2022/12/03 03:00:42";17.6;14.5;0;602
1670033445;"2022/12/03 03:10:45";17.5;14.5;0;603
1670034047;"2022/12/03 03:20:47";17.5;14.5;0;602
1670034639;"2022/12/03 03:30:39";17.5;14.5;0;592
1670035241;"2022/12/03 03:40:41";17.5;14.5;0;602
1670035844;"2022/12/03 03:50:44";17.5;14.5;0;603
1670036446;"2022/12/03 04:00:46";17.4;14.5;0;602
1670037048;"2022/12/03 04:10:48";17.4;14.5;0;602
1670037640;"2022/12/03 04:20:40";17.4;14.5;0;592
1670038243;"2022/12/03 04:30:43";17.4;14.5;0;603
1670038845;"2022/12/03 04:40:45";17.3;14.5;0;602
1670039447;"2022/12/03 04:50:47";17.3;14.5;0;602
1670040039;"2022/12/03 05:00:39";17.3;14.5;0;592
1670040641;"2022/12/03 05:10:41";17.3;14.5;0;602
1670041244;"2022/12/03 05:20:44";17.3;14.5;0;603
1670041846;"2022/12/03 05:30:46";17.2;14.5;0;602
1670042449;"2022/12/03 05:40:49";17.2;14.5;0;603
1670043039;"2022/12/03 05:50:39";17.2;14.5;0;590
1670043642;"2022/12/03 06:00:42";17.2;14.5;0;603
1670044244;"2022/12/03 06:10:44";17.2;14.5;0;602
1670044847;"2022/12/03 06:20:47";17.2;14.5;0;603
1670045438;"2022/12/03 06:30:38";17.1;14.5;0;591
1670046041;"2022/12/03 06:40:41";17.1;14.5;0;603
1670046643;"2022/12/03 06:50:43";17.1;14.5;0;602
1670047246;"2022/12/03 07:00:46";17.1;14.5;0;603
1670047848;"2022/12/03 07:10:48";17.1;14.5;0;602
1670048440;"2022/12/03 07:20:40";17.1;14.5;0;592
1670049042;"2022/12/03 07:30:42";17;14.5;0;602
1670049644;"2022/12/03 07:40:44";17;14.5;0;602
1670050139;"2022/12/03 07:48:59";17;18.5;0;495
1670050731;"2022/12/03 07:58:51";17;18.5;592;0
1670051333;"2022/12/03 08:08:53";17.2;18.5;602;0
1670051936;"2022/12/03 08:18:56";17.6;18.5;603;0
1670052538;"2022/12/03 08:28:58";18;18.5;602;0
1670053130;"2022/12/03 08:38:50";18.2;18.5;571;21
1670053732;"2022/12/03 08:48:52";18.4;18.5;129;473
1670054335;"2022/12/03 08:58:55";18.5;18.5;129;474
1670054937;"2022/12/03 09:08:57";18.5;18.5;86;516
1670055529;"2022/12/03 09:18:49";18.4;18.5;75;517
1670056131;"2022/12/03 09:28:51";18.4;18.5;161;441
1670056734;"2022/12/03 09:38:54";18.4;18.5;258;345
1670057336;"2022/12/03 09:48:56";18.5;18.5;194;408
1670057938;"2022/12/03 09:58:58";18.6;18.5;128;474
1670058530;"2022/12/03 10:08:50";18.5;18.5;129;463
1670059133;"2022/12/03 10:18:53";18.5;18.5;129;474
1670059735;"2022/12/03 10:28:55";18.5;18.5;194;408
1670060337;"2022/12/03 10:38:57";18.4;18.5;193;409
1670060929;"2022/12/03 10:48:49";18.4;18.5;259;333
1670061531;"2022/12/03 10:58:51";18.5;18.5;193;409
1670061628;"2022/12/03 11:00:28";18.5;14.5;0;97
1670062220;"2022/12/03 11:10:20";18.5;14.5;0;592
1670062822;"2022/12/03 11:20:22";18.5;14.5;0;602
1670063425;"2022/12/03 11:30:25";18.5;14.5;0;603
1670064027;"2022/12/03 11:40:27";18.4;14.5;0;602
1670064619;"2022/12/03 11:50:19";18.3;14.5;0;592
1670065221;"2022/12/03 12:00:21";18.3;14.5;0;602
1670065824;"2022/12/03 12:10:24";18.2;14.5;0;603
1670066426;"2022/12/03 12:20:26";18.1;14.5;0;602
1670067018;"2022/12/03 12:30:18";18;14.5;0;592
1670067620;"2022/12/03 12:40:20";18;14.5;0;602
1670068223;"2022/12/03 12:50:23";17.9;14.5;0;603
1670068825;"2022/12/03 13:00:25";17.8;14.5;0;602
1670069427;"2022/12/03 13:10:27";17.8;14.5;0;602
1670070019;"2022/12/03 13:20:19";17.8;14.5;0;592
1670070621;"2022/12/03 13:30:21";17.7;14.5;0;602
1670071224;"2022/12/03 13:40:24";17.7;14.5;0;603
1670071826;"2022/12/03 13:50:26";17.6;14.5;0;602
1670072429;"2022/12/03 14:00:29";17.5;14.5;0;603
1670073020;"2022/12/03 14:10:20";17.5;14.5;0;591
1670073623;"2022/12/03 14:20:23";17.5;14.5;0;603
1670074225;"2022/12/03 14:30:25";17.5;14.5;0;602
1670074828;"2022/12/03 14:40:28";17.5;14.5;0;603
1670075419;"2022/12/03 14:50:19";17.6;14.5;0;591
1670076022;"2022/12/03 15:00:22";17.5;14.5;0;603
1670076624;"2022/12/03 15:10:24";17.5;14.5;0;602
1670077227;"2022/12/03 15:20:27";17.4;14.5;0;603
1670077829;"2022/12/03 15:30:29";17.4;18.5;0;602
1670078421;"2022/12/03 15:40:21";17.4;18.5;592;0
1670079023;"2022/12/03 15:50:23";17.6;18.5;602;0
1670079625;"2022/12/03 16:00:25";17.9;18.5;602;0
1670080228;"2022/12/03 16:10:28";18.2;18.5;603;0
1670080820;"2022/12/03 16:20:20";18.4;18.5;54;538
1670081422;"2022/12/03 16:30:22";18.5;18.5;43;559
1670082024;"2022/12/03 16:40:24";18.5;18.5;150;452
1670082627;"2022/12/03 16:50:27";18.5;18.5;0;603
1670083218;"2022/12/03 17:00:18";18.5;18.5;193;398
1670083821;"2022/12/03 17:10:21";18.5;18.5;130;473
1670084423;"2022/12/03 17:20:23";18.5;18.5;193;409
1670085026;"2022/12/03 17:30:26";18.5;18.5;129;474
1670085628;"2022/12/03 17:40:28";18.5;15;129;473
1670086220;"2022/12/03 17:50:20";18.5;15;0;592
1670086822;"2022/12/03 18:00:22";18.4;15;0;602
1670087425;"2022/12/03 18:10:25";18.4;15;0;603
1670088027;"2022/12/03 18:20:27";18.3;15;0;602
1670088629;"2022/12/03 18:30:29";18.2;15;0;602
1670089221;"2022/12/03 18:40:21";18.1;15;0;592
1670089824;"2022/12/03 18:50:24";18.1;15;0;603
1670090426;"2022/12/03 19:00:26";18;15;0;602
1670091028;"2022/12/03 19:10:28";17.9;15;0;602
1670091620;"2022/12/03 19:20:20";17.9;15;0;592
1670092222;"2022/12/03 19:30:22";17.8;15;0;602
1670092825;"2022/12/03 19:40:25";17.8;15;0;603
1670093427;"2022/12/03 19:50:27";17.7;15;0;602
1670094030;"2022/12/03 20:00:30";17.7;15;0;603
1670094621;"2022/12/03 20:10:21";17.6;15;0;591
1670095224;"2022/12/03 20:20:24";17.6;15;0;603
1670095826;"2022/12/03 20:30:26";17.5;15;0;602
1670096429;"2022/12/03 20:40:29";17.5;15;0;603
1670097020;"2022/12/03 20:50:20";17.5;15;0;591
1670097623;"2022/12/03 21:00:23";17.4;15;0;603
1670098225;"2022/12/03 21:10:25";17.4;15;0;602
1670098827;"2022/12/03 21:20:27";17.4;15;0;602
1670099430;"2022/12/03 21:30:30";17.3;15;0;603
1670100022;"2022/12/03 21:40:22";17.3;15;0;592
1670100624;"2022/12/03 21:50:24";17.3;15;0;602
1670101226;"2022/12/03 22:00:26";17.2;15;0;602
1670101829;"2022/12/03 22:10:29";17.2;15;0;603
1670102420;"2022/12/03 22:20:20";17.2;15;0;591
1670103023;"2022/12/03 22:30:23";17.2;15;0;603
1670103625;"2022/12/03 22:40:25";17.1;15;0;602
1670104228;"2022/12/03 22:50:28";17.1;15;0;603
1670104830;"2022/12/03 23:00:30";17.1;15;0;602
1670105131;"2022/12/03 23:05:31";17.1;14.5;0;301
1670105723;"2022/12/03 23:15:23";17;14.5;0;592
1670106325;"2022/12/03 23:25:25";17;14.5;0;602
1670106928;"2022/12/03 23:35:28";17;14.5;0;603
1670107530;"2022/12/03 23:45:30";17;14.5;0;602
1670108122;"2022/12/03 23:55:22";17;14.5;0;592
1670108724;"2022/12/04 00:05:24";16.9;14.5;0;602
1670109327;"2022/12/04 00:15:27";16.9;14.5;0;603
1670109929;"2022/12/04 00:25:29";16.9;14.5;0;602
1670110532;"2022/12/04 00:35:32";16.9;14.5;0;603
1670111123;"2022/12/04 00:45:23";16.9;14.5;0;591
1670111726;"2022/12/04 00:55:26";16.8;14.5;0;603
1670112328;"2022/12/04 01:05:28";16.8;14.5;0;602
1670112931;"2022/12/04 01:15:31";16.8;14.5;0;603
1670113522;"2022/12/04 01:25:22";16.8;14.5;0;591
1670114125;"2022/12/04 01:35:25";16.8;14.5;0;603
1670114727;"2022/12/04 01:45:27";16.7;14.5;0;602
1670115329;"2022/12/04 01:55:29";16.7;14.5;0;602
1670115932;"2022/12/04 02:05:32";16.7;14.5;0;603
1670116523;"2022/12/04 02:15:23";16.7;14.5;0;591
1670117126;"2022/12/04 02:25:26";16.7;14.5;0;603
1670117728;"2022/12/04 02:35:28";16.7;14.5;0;602
1670118331;"2022/12/04 02:45:31";16.6;14.5;0;603
1670118922;"2022/12/04 02:55:22";16.6;14.5;0;591
1670119525;"2022/12/04 03:05:25";16.6;14.5;0;603
1670120127;"2022/12/04 03:15:27";16.6;14.5;0;602
1670120730;"2022/12/04 03:25:30";16.6;14.5;0;603
1670121321;"2022/12/04 03:35:21";16.6;14.5;0;591
1670121924;"2022/12/04 03:45:24";16.5;14.5;0;603
1670122526;"2022/12/04 03:55:26";16.5;14.5;0;602
1670123129;"2022/12/04 04:05:29";16.5;14.5;0;603
1670123731;"2022/12/04 04:15:31";16.5;14.5;0;602
1670124323;"2022/12/04 04:25:23";16.5;14.5;0;592
1670124925;"2022/12/04 04:35:25";16.5;14.5;0;602
1670125527;"2022/12/04 04:45:27";16.5;14.5;0;602
1670126130;"2022/12/04 04:55:30";16.4;14.5;0;603
1670126722;"2022/12/04 05:05:22";16.4;14.5;0;592
1670127324;"2022/12/04 05:15:24";16.4;14.5;0;602
1670127926;"2022/12/04 05:25:26";16.4;14.5;0;602
1670128529;"2022/12/04 05:35:29";16.4;14.5;0;603
1670129131;"2022/12/04 05:45:31";16.4;14.5;0;602
1670129723;"2022/12/04 05:55:23";16.4;14.5;0;592
1670130325;"2022/12/04 06:05:25";16.4;14.5;0;602
1670130928;"2022/12/04 06:15:28";16.3;14.5;0;603
1670131530;"2022/12/04 06:25:30";16.3;14.5;0;602
1670132122;"2022/12/04 06:35:22";16.3;14.5;0;592
1670132724;"2022/12/04 06:45:24";16.3;14.5;0;602
1670133327;"2022/12/04 06:55:27";16.3;14.5;0;603
1670133929;"2022/12/04 07:05:29";16.3;14.5;0;602
1670134058;"2022/12/04 07:07:38";16.2;18.5;0;129
1670134650;"2022/12/04 07:17:30";16.3;18.5;592;0
1670135252;"2022/12/04 07:27:32";16.5;18.5;602;0
1670135855;"2022/12/04 07:37:35";16.8;18.5;603;0
1670136457;"2022/12/04 07:47:37";17.2;18.5;602;0
1670137049;"2022/12/04 07:57:29";17.4;18.5;592;0
1670137651;"2022/12/04 08:07:31";17.6;18.5;602;0
1670138254;"2022/12/04 08:17:34";17.8;18.5;603;0
1670138856;"2022/12/04 08:27:36";18;18.5;602;0
1670139448;"2022/12/04 08:37:28";18.2;18.5;495;97
1670140050;"2022/12/04 08:47:30";18.3;18.5;387;215
1670140652;"2022/12/04 08:57:32";18.3;18.5;386;216
1670141255;"2022/12/04 09:07:35";18.4;18.5;387;216
1670141857;"2022/12/04 09:17:37";18.4;18.5;388;214
1670142449;"2022/12/04 09:27:29";18.4;18.5;387;205
1670143051;"2022/12/04 09:37:31";18.5;18.5;602;0
1670143654;"2022/12/04 09:47:34";18.7;18.5;431;172
1670144256;"2022/12/04 09:57:36";18.7;18.5;0;602
1670144848;"2022/12/04 10:07:28";18.7;18.5;204;388
1670145450;"2022/12/04 10:17:30";18.6;18.5;215;387
1670146053;"2022/12/04 10:27:33";18.6;18.5;215;388
1670146655;"2022/12/04 10:37:35";18.6;18.5;150;452
1670147258;"2022/12/04 10:47:38";18.6;18.5;151;452
1670147849;"2022/12/04 10:57:29";18.6;18.5;96;495
1670148064;"2022/12/04 11:01:04";18.6;14.5;129;86
1670148656;"2022/12/04 11:10:56";18.6;14.5;0;592
1670149258;"2022/12/04 11:20:58";18.5;14.5;0;602
1670149861;"2022/12/04 11:31:01";18.5;14.5;0;603
1670150463;"2022/12/04 11:41:03";18.4;14.5;0;602
1670151055;"2022/12/04 11:50:55";18.4;14.5;0;592
1670151657;"2022/12/04 12:00:57";18.3;14.5;0;602
1670152260;"2022/12/04 12:11:00";18.3;14.5;0;603
1670152862;"2022/12/04 12:21:02";18.2;14.5;0;602
1670153454;"2022/12/04 12:30:54";18.1;14.5;0;592
1670154056;"2022/12/04 12:40:56";18;14.5;0;602
1670154659;"2022/12/04 12:50:59";17.9;14.5;0;603
1670155261;"2022/12/04 13:01:01";17.9;14.5;0;602
1670155863;"2022/12/04 13:11:03";17.8;14.5;0;602
1670156455;"2022/12/04 13:20:55";17.8;14.5;0;592
1670157058;"2022/12/04 13:30:58";17.7;18.5;11;592
1670157660;"2022/12/04 13:41:00";17.7;18.5;602;0
1670158262;"2022/12/04 13:51:02";17.9;18.5;602;0
1670158865;"2022/12/04 14:01:05";18.2;18.5;603;0
1670159456;"2022/12/04 14:10:56";18.4;18.5;129;462
1670160059;"2022/12/04 14:20:59";18.5;18.5;0;603
1670160661;"2022/12/04 14:31:01";18.5;18.5;0;602
1670160672;"2022/12/04 14:31:12";18.5;14.5;0;11
1670161264;"2022/12/04 14:41:04";18.5;14.5;0;592
1670161866;"2022/12/04 14:51:06";18.5;14.5;0;602
1670162469;"2022/12/04 15:01:09";18.4;14.5;0;603
1670163071;"2022/12/04 15:11:11";18.3;14.5;0;602
1670163663;"2022/12/04 15:21:03";18.1;14.5;0;592
1670164265;"2022/12/04 15:31:05";18.1;14.5;0;602
1670164867;"2022/12/04 15:41:07";18;14.5;0;602
1670165470;"2022/12/04 15:51:10";17.9;14.5;0;603
1670165513;"2022/12/04 15:51:53";17.9;18.5;0;43
1670166105;"2022/12/04 16:01:45";17.8;18.5;399;193
1670166707;"2022/12/04 16:11:47";17.9;18.5;602;0
1670167309;"2022/12/04 16:21:49";18.2;18.5;602;0
1670167912;"2022/12/04 16:31:52";18.4;18.5;75;528
1670168503;"2022/12/04 16:41:43";18.5;18.5;0;591
1670169106;"2022/12/04 16:51:46";18.5;18.5;0;603
1670169708;"2022/12/04 17:01:48";18.4;18.5;0;602
1670170311;"2022/12/04 17:11:51";18.3;18.5;0;603
1670170902;"2022/12/04 17:21:42";18.3;18.5;323;268
1670171505;"2022/12/04 17:31:45";18.3;18.5;452;151
1670172107;"2022/12/04 17:41:47";18.5;18.5;258;344
1670172710;"2022/12/04 17:51:50";18.6;18.5;0;603
1670173312;"2022/12/04 18:01:52";18.6;18.5;0;602
1670173904;"2022/12/04 18:11:44";18.5;18.5;129;463
1670174506;"2022/12/04 18:21:46";18.5;18.5;0;602
1670175109;"2022/12/04 18:31:49";18.4;18.5;237;366
1670175711;"2022/12/04 18:41:51";18.4;18.5;215;387
1670176304;"2022/12/04 18:51:44";18.5;18.5;400;193
1670176906;"2022/12/04 19:01:46";18.6;18.5;183;419
1670177508;"2022/12/04 19:11:48";18.7;18.5;0;602
1670178111;"2022/12/04 19:21:51";18.6;18.5;0;603
1670178713;"2022/12/04 19:31:53";18.6;18.5;0;602
1670179305;"2022/12/04 19:41:45";18.5;18.5;258;334
1670179907;"2022/12/04 19:51:47";18.5;18.5;193;409
1670180510;"2022/12/04 20:01:50";18.6;18.5;257;346
1670181112;"2022/12/04 20:11:52";18.6;18.5;129;473
1670181704;"2022/12/04 20:21:44";18.6;18.5;129;463
1670182306;"2022/12/04 20:31:46";18.6;18.5;0;602
1670182909;"2022/12/04 20:41:49";18.5;18.5;194;409
1670183511;"2022/12/04 20:51:51";18.5;18.5;129;473
1670184114;"2022/12/04 21:01:54";18.5;18.5;129;474
1670184705;"2022/12/04 21:11:45";18.5;18.5;129;462
1670185308;"2022/12/04 21:21:48";18.5;18.5;108;495
1670185910;"2022/12/04 21:31:50";18.5;18.5;149;453
1670186512;"2022/12/04 21:41:52";18.6;18.5;64;538
1670187104;"2022/12/04 21:51:44";18.6;18.5;0;592
1670187707;"2022/12/04 22:01:47";18.6;18.5;129;474
1670188309;"2022/12/04 22:11:49";18.5;18.5;0;602
1670188911;"2022/12/04 22:21:51";18.5;18.5;193;409
1670189514;"2022/12/04 22:31:54";18.6;18.5;0;603
1670190095;"2022/12/04 22:41:35";18.5;18.5;0;581
1670190611;"2022/12/04 22:50:11";18.5;18.5;194;322
1670191267;"2022/12/04 23:01:07";18.4;14.5;129;527
1670191859;"2022/12/04 23:10:59";18.4;14.5;0;592
1670192461;"2022/12/04 23:21:01";18.4;14.5;0;602
1670193064;"2022/12/04 23:31:04";18.3;14.5;0;603
1670193666;"2022/12/04 23:41:06";18.3;14.5;0;602
1670194258;"2022/12/04 23:50:58";18.2;14.5;0;592
1670194860;"2022/12/05 00:01:00";18.2;14.5;0;602
1670195463;"2022/12/05 00:11:03";18.1;14.5;0;603
1670196065;"2022/12/05 00:21:05";18.1;14.5;0;602
1670196657;"2022/12/05 00:30:57";18;14.5;0;592
1670197259;"2022/12/05 00:40:59";18;14.5;0;602
1670197862;"2022/12/05 00:51:02";17.9;14.5;0;603
1670198464;"2022/12/05 01:01:04";17.9;14.5;0;602
1670199066;"2022/12/05 01:11:06";17.8;14.5;0;602
1670199658;"2022/12/05 01:20:58";17.8;14.5;0;592
1670200260;"2022/12/05 01:31:00";17.8;14.5;0;602
1670200863;"2022/12/05 01:41:03";17.7;14.5;0;603
1670201465;"2022/12/05 01:51:05";17.7;14.5;0;602
1670202057;"2022/12/05 02:00:57";17.7;14.5;0;592
1670202659;"2022/12/05 02:10:59";17.6;14.5;0;602
1670203262;"2022/12/05 02:21:02";17.6;14.5;0;603
1670203864;"2022/12/05 02:31:04";17.6;14.5;0;602
1670204467;"2022/12/05 02:41:07";17.6;14.5;0;603
1670205058;"2022/12/05 02:50:58";17.5;14.5;0;591
1670205661;"2022/12/05 03:01:01";17.5;14.5;0;603
1670206263;"2022/12/05 03:11:03";17.5;14.5;0;602
1670206866;"2022/12/05 03:21:06";17.5;14.5;0;603
1670207457;"2022/12/05 03:30:57";17.4;14.5;0;591
1670208060;"2022/12/05 03:41:00";17.4;14.5;0;603
1670208662;"2022/12/05 03:51:02";17.4;14.5;0;602
1670209264;"2022/12/05 04:01:04";17.4;14.5;0;602
1670209867;"2022/12/05 04:11:07";17.4;14.5;0;603
1670210459;"2022/12/05 04:20:59";17.3;14.5;0;592
1670211061;"2022/12/05 04:31:01";17.3;14.5;0;602
1670211663;"2022/12/05 04:41:03";17.3;14.5;0;602
1670212266;"2022/12/05 04:51:06";17.3;14.5;0;603
1670212857;"2022/12/05 05:00:57";17.3;14.5;0;591
1670213460;"2022/12/05 05:11:00";17.2;14.5;0;603
1670214062;"2022/12/05 05:21:02";17.2;14.5;0;602
1670214665;"2022/12/05 05:31:05";17.2;14.5;0;603
1670215267;"2022/12/05 05:41:07";17.2;14.5;0;602
1670215859;"2022/12/05 05:50:59";17.2;14.5;0;592
1670216461;"2022/12/05 06:01:01";17.2;14.5;0;602
1670217064;"2022/12/05 06:11:04";17.2;14.5;0;603
1670217666;"2022/12/05 06:21:06";17.1;14.5;0;602
1670218258;"2022/12/05 06:30:58";17.1;14.5;0;592
1670218860;"2022/12/05 06:41:00";17.1;14.5;0;602
1670219461;"2022/12/05 06:51:01";17.1;14.5;0;601
1670219601;"2022/12/05 06:53:21";17.1;18.5;0;140
1670220193;"2022/12/05 07:03:13";17.1;18.5;592;0
1670220795;"2022/12/05 07:13:15";17.3;18.5;602;0
1670221398;"2022/12/05 07:23:18";17.7;18.5;603;0
1670222000;"2022/12/05 07:33:20";18.1;18.5;602;0
1670222592;"2022/12/05 07:43:12";18.3;18.5;377;215
1670223194;"2022/12/05 07:53:14";18.5;18.5;0;602
1670223797;"2022/12/05 08:03:17";18.5;18.5;0;603
1670224399;"2022/12/05 08:13:19";18.4;18.5;0;602
1670224991;"2022/12/05 08:23:11";18.4;18.5;226;366
1670225593;"2022/12/05 08:33:13";18.4;18.5;345;257
1670226196;"2022/12/05 08:43:16";18.5;18.5;280;323
1670226798;"2022/12/05 08:53:18";18.5;18.5;150;452
1670227400;"2022/12/05 09:03:20";18.5;18.5;149;453
1670227992;"2022/12/05 09:13:12";18.5;18.5;140;452
1670228595;"2022/12/05 09:23:15";18.5;18.5;194;409
1670229197;"2022/12/05 09:33:17";18.6;18.5;129;473
1670229799;"2022/12/05 09:43:19";18.5;18.5;128;474
1670230391;"2022/12/05 09:53:11";18.5;18.5;0;592
1670230832;"2022/12/05 10:00:32";18.5;14.5;258;183
1670231424;"2022/12/05 10:10:24";18.5;14.5;0;592
1670232026;"2022/12/05 10:20:26";18.5;14.5;0;602
1670232629;"2022/12/05 10:30:29";18.4;14.5;0;603
1670233231;"2022/12/05 10:40:31";18.4;14.5;0;602
1670233823;"2022/12/05 10:50:23";18.3;14.5;0;592
1670234425;"2022/12/05 11:00:25";18.3;14.5;0;602
1670235028;"2022/12/05 11:10:28";18.2;14.5;0;603
1670235630;"2022/12/05 11:20:30";18.1;14.5;0;602
1670236222;"2022/12/05 11:30:22";18.1;14.5;0;592
1670236824;"2022/12/05 11:40:24";18;14.5;0;602
1670237426;"2022/12/05 11:50:26";18;14.5;0;602
1670238029;"2022/12/05 12:00:29";17.9;14.5;0;603
1670238631;"2022/12/05 12:10:31";17.9;14.5;0;602
1670239223;"2022/12/05 12:20:23";17.9;14.5;0;592
1670239825;"2022/12/05 12:30:25";17.8;14.5;0;602
1670240428;"2022/12/05 12:40:28";17.8;14.5;0;603
1670241030;"2022/12/05 12:50:30";17.8;14.5;0;602
1670241633;"2022/12/05 13:00:33";17.7;14.5;0;603
1670242224;"2022/12/05 13:10:24";17.7;14.5;0;591
1670242827;"2022/12/05 13:20:27";17.7;14.5;0;603
1670243429;"2022/12/05 13:30:29";17.7;14.5;0;602
1670244032;"2022/12/05 13:40:32";17.6;14.5;0;603
1670244623;"2022/12/05 13:50:23";17.6;14.5;0;591
1670245226;"2022/12/05 14:00:26";17.6;14.5;0;603
1670245828;"2022/12/05 14:10:28";17.6;14.5;0;602
1670246430;"2022/12/05 14:20:30";17.6;14.5;0;602
1670247022;"2022/12/05 14:30:22";17.5;14.5;0;592
1670247624;"2022/12/05 14:40:24";17.5;14.5;0;602
1670248227;"2022/12/05 14:50:27";17.5;14.5;0;603
1670248829;"2022/12/05 15:00:29";17.5;14.5;0;602
1670249432;"2022/12/05 15:10:32";17.5;14.5;0;603
1670250023;"2022/12/05 15:20:23";17.4;14.5;0;591
1670250626;"2022/12/05 15:30:26";17.4;14.5;0;603
1670251228;"2022/12/05 15:40:28";17.4;14.5;0;602
1670251831;"2022/12/05 15:50:31";17.4;14.5;0;603
1670252422;"2022/12/05 16:00:22";17.4;14.5;0;591
1670253025;"2022/12/05 16:10:25";17.3;14.5;0;603
1670253627;"2022/12/05 16:20:27";17.3;14.5;0;602
1670254230;"2022/12/05 16:30:30";17.3;14.5;0;603
1670254832;"2022/12/05 16:40:32";17.3;14.5;0;602
1670255295;"2022/12/05 16:48:15";17.3;18.5;0;463
1670255886;"2022/12/05 16:58:06";17.3;18.5;591;0
1670256489;"2022/12/05 17:08:09";17.5;18.5;603;0
1670257091;"2022/12/05 17:18:11";17.8;18.5;602;0
1670257693;"2022/12/05 17:28:13";18.2;18.5;602;0
1670258285;"2022/12/05 17:38:05";18.4;18.5;119;473
1670258888;"2022/12/05 17:48:08";18.5;18.5;0;603
1670259490;"2022/12/05 17:58:10";18.5;18.5;0;602
1670260092;"2022/12/05 18:08:12";18.5;18.5;0;602
1670260684;"2022/12/05 18:18:04";18.4;18.5;0;592
1670261286;"2022/12/05 18:28:06";18.3;18.5;259;343
1670261889;"2022/12/05 18:38:09";18.4;18.5;322;281
1670262491;"2022/12/05 18:48:11";18.5;18.5;258;344
1670263094;"2022/12/05 18:58:14";18.5;18.5;204;399
1670263685;"2022/12/05 19:08:05";18.6;18.5;0;591
1670264288;"2022/12/05 19:18:08";18.6;18.5;0;603
1670264890;"2022/12/05 19:28:10";18.6;18.5;0;602
1670265493;"2022/12/05 19:38:13";18.6;18.5;0;603
1670266084;"2022/12/05 19:48:04";18.6;18.5;0;591
1670266687;"2022/12/05 19:58:07";18.6;18.5;0;603
1670267289;"2022/12/05 20:08:09";18.5;18.5;0;602
1670267892;"2022/12/05 20:18:12";18.4;18.5;258;345
1670268494;"2022/12/05 20:28:14";18.5;18.5;194;408
1670269086;"2022/12/05 20:38:06";18.6;18.5;193;399
1670269688;"2022/12/05 20:48:08";18.6;18.5;0;602
1670270290;"2022/12/05 20:58:10";18.6;18.5;0;602
1670270893;"2022/12/05 21:08:13";18.6;18.5;0;603
1670271485;"2022/12/05 21:18:05";18.6;18.5;0;592
1670272087;"2022/12/05 21:28:07";18.6;18.5;0;602
1670272688;"2022/12/05 21:38:08";18.5;18.5;0;601
1670273292;"2022/12/05 21:48:12";18.5;18.5;0;604
1670273894;"2022/12/05 21:58:14";18.5;18.5;140;462
1670274486;"2022/12/05 22:08:06";18.4;18.5;140;452
1670275088;"2022/12/05 22:18:08";18.5;18.5;86;516
1670275691;"2022/12/05 22:28:11";18.5;18.5;86;517
1670275820;"2022/12/05 22:30:20";18.5;14.5;0;129
1670276411;"2022/12/05 22:40:11";18.5;14.5;0;591
1670277014;"2022/12/05 22:50:14";18.4;14.5;0;603
1670277616;"2022/12/05 23:00:16";18.4;14.5;0;602
1670278219;"2022/12/05 23:10:19";18.3;14.5;0;603
1670278810;"2022/12/05 23:20:10";18.3;14.5;0;591
1670279413;"2022/12/05 23:30:13";18.2;14.5;0;603
1670280015;"2022/12/05 23:40:15";18.1;14.5;0;602
1670280618;"2022/12/05 23:50:18";18.1;14.5;0;603
1670281209;"2022/12/06 00:00:09";18.1;14.5;0;591
1670281812;"2022/12/06 00:10:12";18;14.5;0;603
1670282414;"2022/12/06 00:20:14";18;14.5;0;602
1670283016;"2022/12/06 00:30:16";17.9;14.5;0;602
1670283619;"2022/12/06 00:40:19";17.9;14.5;0;603
1670284211;"2022/12/06 00:50:11";17.9;14.5;0;592
1670284813;"2022/12/06 01:00:13";17.9;14.5;0;602
1670285415;"2022/12/06 01:10:15";17.8;14.5;0;602
1670286018;"2022/12/06 01:20:18";17.8;14.5;0;603
1670286609;"2022/12/06 01:30:09";17.8;14.5;0;591
1670287212;"2022/12/06 01:40:12";17.8;14.5;0;603
1670287814;"2022/12/06 01:50:14";17.7;14.5;0;602
1670288417;"2022/12/06 02:00:17";17.7;14.5;0;603
1670289019;"2022/12/06 02:10:19";17.7;14.5;0;602
1670289611;"2022/12/06 02:20:11";17.7;14.5;0;592
1670290213;"2022/12/06 02:30:13";17.6;14.5;0;602
1670290816;"2022/12/06 02:40:16";17.6;14.5;0;603
1670291418;"2022/12/06 02:50:18";17.6;14.5;0;602
1670292010;"2022/12/06 03:00:10";17.6;14.5;0;592
1670292612;"2022/12/06 03:10:12";17.5;14.5;0;602
1670293215;"2022/12/06 03:20:15";17.5;14.5;0;603
1670293817;"2022/12/06 03:30:17";17.5;14.5;0;602
1670294419;"2022/12/06 03:40:19";17.5;14.5;0;602
1670295011;"2022/12/06 03:50:11";17.5;14.5;0;592
1670295613;"2022/12/06 04:00:13";17.5;14.5;0;602
1670296216;"2022/12/06 04:10:16";17.4;14.5;0;603
1670296818;"2022/12/06 04:20:18";17.4;14.5;0;602
1670297410;"2022/12/06 04:30:10";17.4;14.5;0;592
1670298012;"2022/12/06 04:40:12";17.4;14.5;0;602
1670298615;"2022/12/06 04:50:15";17.4;14.5;0;603
1670299217;"2022/12/06 05:00:17";17.3;14.5;0;602
1670299820;"2022/12/06 05:10:20";17.3;14.5;0;603
1670300411;"2022/12/06 05:20:11";17.3;14.5;0;591
1670301014;"2022/12/06 05:30:14";17.3;14.5;0;603
1670301616;"2022/12/06 05:40:16";17.3;14.5;0;602
1670302219;"2022/12/06 05:50:19";17.3;14.5;0;603
1670302810;"2022/12/06 06:00:10";17.2;14.5;0;591
1670303413;"2022/12/06 06:10:13";17.2;14.5;0;603
1670304015;"2022/12/06 06:20:15";17.2;14.5;0;602
1670304617;"2022/12/06 06:30:17";17.2;14.5;0;602
1670305220;"2022/12/06 06:40:20";17.2;14.5;0;603
1670305812;"2022/12/06 06:50:12";17.2;14.5;0;592
1670306091;"2022/12/06 06:54:51";17.1;18.5;0;279
1670306543;"2022/12/06 07:02:23";17.1;18.5;452;0
1670307285;"2022/12/06 07:14:45";17.3;18.5;742;0
1670307888;"2022/12/06 07:24:48";17.7;18.5;603;0
1670308490;"2022/12/06 07:34:50";18;18.5;602;0
1670309082;"2022/12/06 07:44:42";18.3;18.5;377;215
1670309684;"2022/12/06 07:54:44";18.4;18.5;0;602
1670310287;"2022/12/06 08:04:47";18.5;18.5;194;409
1670310889;"2022/12/06 08:14:49";18.4;18.5;194;408
1670311481;"2022/12/06 08:24:41";18.4;18.5;226;366
1670312083;"2022/12/06 08:34:43";18.3;18.5;280;322
1670312686;"2022/12/06 08:44:46";18.4;18.5;345;258
1670313288;"2022/12/06 08:54:48";18.5;18.5;409;193
1670313890;"2022/12/06 09:04:50";18.6;18.5;279;323
1670314482;"2022/12/06 09:14:42";18.7;18.5;75;517
1670315084;"2022/12/06 09:24:44";18.7;18.5;0;602
1670315687;"2022/12/06 09:34:47";18.7;18.5;0;603
1670316289;"2022/12/06 09:44:49";18.6;18.5;0;602
1670316881;"2022/12/06 09:54:41";18.5;18.5;259;333
1670317257;"2022/12/06 10:00:57";18.5;14.5;194;182
1670317849;"2022/12/06 10:10:49";18.5;14.5;0;592
1670318452;"2022/12/06 10:20:52";18.5;14.5;0;603
1670319054;"2022/12/06 10:30:54";18.5;14.5;0;602
1670319656;"2022/12/06 10:40:56";18.4;14.5;0;602
1670320248;"2022/12/06 10:50:48";18.4;14.5;0;592
1670320850;"2022/12/06 11:00:50";18.3;14.5;0;602
1670321453;"2022/12/06 11:10:53";18.3;14.5;0;603
1670322055;"2022/12/06 11:20:55";18.2;14.5;0;602
1670322647;"2022/12/06 11:30:47";18.2;14.5;0;592
1670323249;"2022/12/06 11:40:49";18.1;14.5;0;602
1670323852;"2022/12/06 11:50:52";18.1;14.5;0;603
1670324454;"2022/12/06 12:00:54";18.1;14.5;0;602
1670325057;"2022/12/06 12:10:57";18.1;14.5;0;603
1670325648;"2022/12/06 12:20:48";18.1;14.5;0;591
1670326251;"2022/12/06 12:30:51";18;14.5;0;603
1670326853;"2022/12/06 12:40:53";18;14.5;0;602
1670327456;"2022/12/06 12:50:56";17.9;14.5;0;603
1670328058;"2022/12/06 13:00:58";17.9;14.5;0;602
1670328650;"2022/12/06 13:10:50";17.9;14.5;0;592
1670329252;"2022/12/06 13:20:52";17.8;14.5;0;602
1670329854;"2022/12/06 13:30:54";17.8;14.5;0;602
1670330457;"2022/12/06 13:40:57";17.8;14.5;0;603
1670331048;"2022/12/06 13:50:48";17.8;14.5;0;591
1670331651;"2022/12/06 14:00:51";17.8;14.5;0;603
1670332253;"2022/12/06 14:10:53";17.8;14.5;0;602
1670332856;"2022/12/06 14:20:56";17.7;14.5;0;603
1670333458;"2022/12/06 14:30:58";17.7;14.5;0;602
1670334050;"2022/12/06 14:40:50";17.7;14.5;0;592
1670334652;"2022/12/06 14:50:52";17.6;14.5;0;602
1670335255;"2022/12/06 15:00:55";17.6;14.5;0;603
1670335857;"2022/12/06 15:10:57";17.6;14.5;0;602
1670336449;"2022/12/06 15:20:49";17.5;14.5;0;592
1670337051;"2022/12/06 15:30:51";17.5;14.5;0;602
1670337654;"2022/12/06 15:40:54";17.5;14.5;0;603
1670338256;"2022/12/06 15:50:56";17.5;14.5;0;602
1670338848;"2022/12/06 16:00:48";17.5;14.5;0;592
1670339450;"2022/12/06 16:10:50";17.4;14.5;0;602
1670340052;"2022/12/06 16:20:52";17.4;14.5;0;602
1670340655;"2022/12/06 16:30:55";17.4;14.5;0;603
1670341257;"2022/12/06 16:40:57";17.4;14.5;0;602
1670341784;"2022/12/06 16:49:44";17.3;18.5;0;527
1670342376;"2022/12/06 16:59:36";17.3;18.5;592;0
1670342978;"2022/12/06 17:09:38";17.5;18.5;602;0
1670343581;"2022/12/06 17:19:41";17.8;18.5;603;0
1670344183;"2022/12/06 17:29:43";18.2;18.5;602;0
1670344775;"2022/12/06 17:39:35";18.4;18.5;54;538
1670345377;"2022/12/06 17:49:37";18.5;18.5;0;602
1670345980;"2022/12/06 17:59:40";18.5;18.5;0;603
1670346582;"2022/12/06 18:09:42";18.5;18.5;0;602
1670347174;"2022/12/06 18:19:34";18.4;18.5;0;592
1670347776;"2022/12/06 18:29:36";18.4;18.5;257;345
1670348379;"2022/12/06 18:39:39";18.4;18.5;194;409
1670348981;"2022/12/06 18:49:41";18.4;18.5;257;345
1670349584;"2022/12/06 18:59:44";18.5;18.5;193;410
1670350175;"2022/12/06 19:09:35";18.6;18.5;0;591
1670350778;"2022/12/06 19:19:38";18.6;18.5;0;603
1670351380;"2022/12/06 19:29:40";18.5;18.5;172;430
1670351982;"2022/12/06 19:39:42";18.5;18.5;150;452
1670352574;"2022/12/06 19:49:34";18.5;18.5;141;451
1670353177;"2022/12/06 19:59:37";18.6;18.5;119;484
1670353779;"2022/12/06 20:09:39";18.6;18.5;0;602
1670354381;"2022/12/06 20:19:41";18.6;18.5;130;472
1670354984;"2022/12/06 20:29:44";18.5;18.5;0;603
1670355575;"2022/12/06 20:39:35";18.5;18.5;194;397
1670356178;"2022/12/06 20:49:38";18.5;18.5;0;603
1670356780;"2022/12/06 20:59:40";18.5;18.5;194;408
1670357383;"2022/12/06 21:09:43";18.5;18.5;193;410
1670357974;"2022/12/06 21:19:34";18.5;18.5;129;462
1670358577;"2022/12/06 21:29:37";18.5;18.5;0;603
1670359179;"2022/12/06 21:39:39";18.5;18.5;226;376
1670359782;"2022/12/06 21:49:42";18.5;18.5;32;571
1670360384;"2022/12/06 21:59:44";18.5;18.5;130;472
1670360976;"2022/12/06 22:09:36";18.5;18.5;0;592
1670361578;"2022/12/06 22:19:38";18.5;18.5;43;559
1670362181;"2022/12/06 22:29:41";18.5;18.5;86;517
1670362245;"2022/12/06 22:30:45";18.5;14.5;0;64
1670362837;"2022/12/06 22:40:37";18.5;14.5;0;592
1670363439;"2022/12/06 22:50:39";18.4;14.5;0;602
1670364042;"2022/12/06 23:00:42";18.3;14.5;0;603
1670364644;"2022/12/06 23:10:44";18.3;14.5;0;602
1670365236;"2022/12/06 23:20:36";18.2;14.5;0;592
1670365838;"2022/12/06 23:30:38";18.1;14.5;0;602
1670366440;"2022/12/06 23:40:40";18.1;14.5;0;602
1670367043;"2022/12/06 23:50:43";18;14.5;0;603
1670367635;"2022/12/07 00:00:35";18;14.5;0;592
1670368237;"2022/12/07 00:10:37";17.9;14.5;0;602
1670368839;"2022/12/07 00:20:39";17.9;14.5;0;602
1670369442;"2022/12/07 00:30:42";17.9;14.5;0;603
1670370044;"2022/12/07 00:40:44";17.8;14.5;0;602
1670370636;"2022/12/07 00:50:36";17.8;14.5;0;592
1670371238;"2022/12/07 01:00:38";17.8;14.5;0;602
1670371841;"2022/12/07 01:10:41";17.7;14.5;0;603
1670372443;"2022/12/07 01:20:43";17.7;14.5;0;602
1670373035;"2022/12/07 01:30:35";17.7;14.5;0;592
1670373637;"2022/12/07 01:40:37";17.6;14.5;0;602
1670374240;"2022/12/07 01:50:40";17.6;14.5;0;603
1670374842;"2022/12/07 02:00:42";17.6;14.5;0;602
1670375444;"2022/12/07 02:10:44";17.6;14.5;0;602
1670376036;"2022/12/07 02:20:36";17.5;14.5;0;592
1670376639;"2022/12/07 02:30:39";17.5;14.5;0;603
1670377241;"2022/12/07 02:40:41";17.5;14.5;0;602
1670377843;"2022/12/07 02:50:43";17.5;14.5;0;602
1670378435;"2022/12/07 03:00:35";17.4;14.5;0;592
1670379037;"2022/12/07 03:10:37";17.4;14.5;0;602
1670379640;"2022/12/07 03:20:40";17.4;14.5;0;603
1670380242;"2022/12/07 03:30:42";17.3;14.5;0;602
1670380845;"2022/12/07 03:40:45";17.3;14.5;0;603
1670381436;"2022/12/07 03:50:36";17.3;14.5;0;591
1670382039;"2022/12/07 04:00:39";17.3;14.5;0;603
1670382641;"2022/12/07 04:10:41";17.3;14.5;0;602
1670383244;"2022/12/07 04:20:44";17.2;14.5;0;603
1670383835;"2022/12/07 04:30:35";17.2;14.5;0;591
1670384438;"2022/12/07 04:40:38";17.2;14.5;0;603
1670385040;"2022/12/07 04:50:40";17.2;14.5;0;602
1670385643;"2022/12/07 05:00:43";17.1;14.5;0;603
1670386245;"2022/12/07 05:10:45";17.1;14.5;0;602
1670386837;"2022/12/07 05:20:37";17.1;14.5;0;592
1670387439;"2022/12/07 05:30:39";17.1;14.5;0;602
1670388041;"2022/12/07 05:40:41";17.1;14.5;0;602
1670388644;"2022/12/07 05:50:44";17;14.5;0;603
1670389236;"2022/12/07 06:00:36";17;14.5;0;592
1670389838;"2022/12/07 06:10:38";17;14.5;0;602
1670390440;"2022/12/07 06:20:40";17;14.5;0;602
1670391043;"2022/12/07 06:30:43";17;14.5;0;603
1670391645;"2022/12/07 06:40:45";17;14.5;0;602
1670392065;"2022/12/07 06:47:45";17;18.5;0;420
1670392656;"2022/12/07 06:57:36";17;18.5;591;0
1670393259;"2022/12/07 07:07:39";17.2;18.5;603;0
1670393861;"2022/12/07 07:17:41";17.5;18.5;602;0
1670394464;"2022/12/07 07:27:44";17.9;18.5;603;0
1670395055;"2022/12/07 07:37:35";18.2;18.5;591;0
1670395658;"2022/12/07 07:47:38";18.4;18.5;173;430
1670396260;"2022/12/07 07:57:40";18.4;18.5;0;602
1670396863;"2022/12/07 08:07:43";18.4;18.5;258;345
1670397454;"2022/12/07 08:17:34";18.4;18.5;194;397
1670398057;"2022/12/07 08:27:37";18.4;18.5;194;409
1670398659;"2022/12/07 08:37:39";18.3;18.5;388;214
1670399261;"2022/12/07 08:47:41";18.4;18.5;419;183
1670399864;"2022/12/07 08:57:44";18.6;18.5;354;249
1670400456;"2022/12/07 09:07:36";18.8;18.5;0;592
1670401058;"2022/12/07 09:17:38";18.8;18.5;0;602
1670401660;"2022/12/07 09:27:40";18.8;18.5;0;602
1670402263;"2022/12/07 09:37:43";18.6;18.5;130;473
1670402853;"2022/12/07 09:47:33";18.5;18.5;139;451
1670403456;"2022/12/07 09:57:36";18.5;18.5;215;388
1670403617;"2022/12/07 10:00:17";18.5;14.5;161;0
1670404209;"2022/12/07 10:10:09";18.6;14.5;0;592
1670404811;"2022/12/07 10:20:11";18.6;14.5;0;602
1670405414;"2022/12/07 10:30:14";18.5;14.5;0;603
1670406016;"2022/12/07 10:40:16";18.5;14.5;0;602
1670406608;"2022/12/07 10:50:08";18.4;14.5;0;592
1670407210;"2022/12/07 11:00:10";18.3;14.5;0;602
1670407813;"2022/12/07 11:10:13";18.3;14.5;0;603
1670408415;"2022/12/07 11:20:15";18.2;14.5;0;602
1670409007;"2022/12/07 11:30:07";18.2;14.5;0;592
1670409609;"2022/12/07 11:40:09";18.1;14.5;0;602
1670410212;"2022/12/07 11:50:12";18;14.5;0;603
1670410814;"2022/12/07 12:00:14";18;14.5;0;602
1670411416;"2022/12/07 12:10:16";18;14.5;0;602
1670412008;"2022/12/07 12:20:08";18;14.5;0;592
1670412610;"2022/12/07 12:30:10";18.1;14.5;0;602
1670413213;"2022/12/07 12:40:13";18;14.5;0;603
1670413815;"2022/12/07 12:50:15";18.1;14.5;0;602
1670414418;"2022/12/07 13:00:18";18.1;14.5;0;603
1670415009;"2022/12/07 13:10:09";18.1;14.5;0;591
1670415612;"2022/12/07 13:20:12";18.2;14.5;0;603
1670416214;"2022/12/07 13:30:14";18.2;14.5;0;602
1670416817;"2022/12/07 13:40:17";18.3;14.5;0;603
1670417408;"2022/12/07 13:50:08";18.2;14.5;0;591
1670418011;"2022/12/07 14:00:11";18.1;14.5;0;603
1670418613;"2022/12/07 14:10:13";18;14.5;0;602
1670419216;"2022/12/07 14:20:16";18;14.5;0;603
1670419807;"2022/12/07 14:30:07";18;14.5;0;591
1670420410;"2022/12/07 14:40:10";17.9;14.5;0;603
1670421012;"2022/12/07 14:50:12";17.9;14.5;0;602
1670421614;"2022/12/07 15:00:14";17.8;14.5;0;602
1670422217;"2022/12/07 15:10:17";17.8;14.5;0;603
1670422809;"2022/12/07 15:20:09";17.8;14.5;0;592
1670423411;"2022/12/07 15:30:11";17.7;14.5;0;602
1670424013;"2022/12/07 15:40:13";17.7;14.5;0;602
1670424616;"2022/12/07 15:50:16";17.6;14.5;0;603
1670425207;"2022/12/07 16:00:07";17.6;14.5;0;591
1670425810;"2022/12/07 16:10:10";17.6;14.5;0;603
1670426412;"2022/12/07 16:20:12";17.5;14.5;0;602
1670427015;"2022/12/07 16:30:15";17.5;14.5;0;603
1670427617;"2022/12/07 16:40:17";17.5;14.5;0;602
1670428209;"2022/12/07 16:50:09";17.5;14.5;0;592
1670428467;"2022/12/07 16:54:27";17.5;18.5;0;258
1670429059;"2022/12/07 17:04:19";17.5;18.5;592;0
1670429661;"2022/12/07 17:14:21";17.7;18.5;602;0
1670430263;"2022/12/07 17:24:23";18.1;18.5;602;0
1670430866;"2022/12/07 17:34:26";18.4;18.5;204;399
1670431457;"2022/12/07 17:44:17";18.5;18.5;0;591
1670432060;"2022/12/07 17:54:20";18.5;18.5;0;603
1670432662;"2022/12/07 18:04:22";18.5;18.5;0;602
1670433265;"2022/12/07 18:14:25";18.4;18.5;0;603
1670433856;"2022/12/07 18:24:16";18.4;18.5;161;430
1670434459;"2022/12/07 18:34:19";18.3;18.5;280;323
1670435061;"2022/12/07 18:44:21";18.4;18.5;279;323
1670435664;"2022/12/07 18:54:24";18.5;18.5;183;420
1670436266;"2022/12/07 19:04:26";18.6;18.5;0;602
1670436858;"2022/12/07 19:14:18";18.5;18.5;129;463
1670437460;"2022/12/07 19:24:20";18.4;18.5;194;408
1670438063;"2022/12/07 19:34:23";18.5;18.5;194;409
1670438665;"2022/12/07 19:44:25";18.5;18.5;129;473
1670439257;"2022/12/07 19:54:17";18.5;18.5;129;463
1670439859;"2022/12/07 20:04:19";18.5;18.5;129;473
1670440461;"2022/12/07 20:14:21";18.6;18.5;0;602
1670441064;"2022/12/07 20:24:24";18.5;18.5;129;474
1670441666;"2022/12/07 20:34:26";18.5;18.5;0;602
1670442258;"2022/12/07 20:44:18";18.5;18.5;172;420
1670442860;"2022/12/07 20:54:20";18.5;18.5;22;580
1670443463;"2022/12/07 21:04:23";18.5;18.5;86;517
1670444065;"2022/12/07 21:14:25";18.5;18.5;43;559
1670444657;"2022/12/07 21:24:17";18.5;18.5;0;592
1670445259;"2022/12/07 21:34:19";18.5;18.5;129;473
1670445862;"2022/12/07 21:44:22";18.5;18.5;129;474
1670446464;"2022/12/07 21:54:24";18.5;18.5;0;602
1670447067;"2022/12/07 22:04:27";18.5;18.5;194;409
1670447658;"2022/12/07 22:14:18";18.5;18.5;193;398
1670448261;"2022/12/07 22:24:21";18.5;18.5;0;603
1670448669;"2022/12/07 22:31:09";18.5;14.5;129;279
1670449261;"2022/12/07 22:41:01";18.5;14.5;0;592
1670449863;"2022/12/07 22:51:03";18.5;14.5;0;602
1670450466;"2022/12/07 23:01:06";18.5;14.5;0;603
1670451068;"2022/12/07 23:11:08";18.4;14.5;0;602
1670451660;"2022/12/07 23:21:00";18.3;14.5;0;592
1670452262;"2022/12/07 23:31:02";18.2;14.5;0;602
1670452865;"2022/12/07 23:41:05";18.1;14.5;0;603
1670453467;"2022/12/07 23:51:07";18.1;14.5;0;602
1670454059;"2022/12/08 00:00:59";18;14.5;0;592
1670454661;"2022/12/08 00:11:01";17.9;14.5;0;602
1670455264;"2022/12/08 00:21:04";17.9;14.5;0;603
1670455866;"2022/12/08 00:31:06";17.9;14.5;0;602
1670456469;"2022/12/08 00:41:09";17.8;14.5;0;603
1670457060;"2022/12/08 00:51:00";17.8;14.5;0;591
1670457663;"2022/12/08 01:01:03";17.7;14.5;0;603
1670458265;"2022/12/08 01:11:05";17.7;14.5;0;602
1670458867;"2022/12/08 01:21:07";17.7;14.5;0;602
1670459459;"2022/12/08 01:30:59";17.6;14.5;0;592
1670460062;"2022/12/08 01:41:02";17.6;14.5;0;603
1670460664;"2022/12/08 01:51:04";17.6;14.5;0;602
1670461266;"2022/12/08 02:01:06";17.5;14.5;0;602
1670461869;"2022/12/08 02:11:09";17.5;14.5;0;603
1670462460;"2022/12/08 02:21:00";17.5;14.5;0;591
1670463063;"2022/12/08 02:31:03";17.5;14.5;0;603
1670463665;"2022/12/08 02:41:05";17.4;14.5;0;602
1670464268;"2022/12/08 02:51:08";17.4;14.5;0;603
1670464859;"2022/12/08 03:00:59";17.4;14.5;0;591
1670465462;"2022/12/08 03:11:02";17.4;14.5;0;603
1670466064;"2022/12/08 03:21:04";17.3;14.5;0;602
1670466667;"2022/12/08 03:31:07";17.3;14.5;0;603
1670467269;"2022/12/08 03:41:09";17.3;14.5;0;602
1670467861;"2022/12/08 03:51:01";17.3;14.5;0;592
1670468463;"2022/12/08 04:01:03";17.3;14.5;0;602
1670469066;"2022/12/08 04:11:06";17.2;14.5;0;603
1670469668;"2022/12/08 04:21:08";17.2;14.5;0;602
1670470260;"2022/12/08 04:31:00";17.2;14.5;0;592
1670470862;"2022/12/08 04:41:02";17.2;14.5;0;602
1670471464;"2022/12/08 04:51:04";17.2;14.5;0;602
1670472067;"2022/12/08 05:01:07";17.2;14.5;0;603
1670472669;"2022/12/08 05:11:09";17.2;14.5;0;602
1670473261;"2022/12/08 05:21:01";17.1;14.5;0;592
1670473863;"2022/12/08 05:31:03";17.1;14.5;0;602
1670474466;"2022/12/08 05:41:06";17.1;14.5;0;603
1670475068;"2022/12/08 05:51:08";17.1;14.5;0;602
1670475660;"2022/12/08 06:01:00";17.1;14.5;0;592
1670476262;"2022/12/08 06:11:02";17.1;14.5;0;602
1670476865;"2022/12/08 06:21:05";17;14.5;0;603
1670477467;"2022/12/08 06:31:07";17;14.5;0;602
1670478070;"2022/12/08 06:41:10";17;14.5;0;603
1670478554;"2022/12/08 06:49:14";17;18.5;0;484
1670479145;"2022/12/08 06:59:05";17;18.5;591;0
1670479748;"2022/12/08 07:09:08";17.2;18.5;603;0
1670480350;"2022/12/08 07:19:10";17.6;18.5;602;0
1670480953;"2022/12/08 07:29:13";18;18.5;603;0
1670481544;"2022/12/08 07:39:04";18.2;18.5;569;22
1670482147;"2022/12/08 07:49:07";18.3;18.5;194;409
1670482749;"2022/12/08 07:59:09";18.3;18.5;193;409
1670483351;"2022/12/08 08:09:11";18.4;18.5;278;324
1670483943;"2022/12/08 08:19:03";18.5;18.5;270;322
1670484545;"2022/12/08 08:29:05";18.5;18.5;151;451
1670485148;"2022/12/08 08:39:08";18.5;18.5;151;452
1670485750;"2022/12/08 08:49:10";18.5;18.5;183;419
1670486353;"2022/12/08 08:59:13";18.6;18.5;193;410
1670486944;"2022/12/08 09:09:04";18.6;18.5;0;591
1670487547;"2022/12/08 09:19:07";18.5;18.5;129;474
1670488149;"2022/12/08 09:29:09";18.5;18.5;194;408
1670488752;"2022/12/08 09:39:12";18.4;18.5;194;409
1670489343;"2022/12/08 09:49:03";18.5;18.5;259;332
1670489946;"2022/12/08 09:59:06";18.5;18.5;129;474
1670490043;"2022/12/08 10:00:43";18.6;14.5;0;97
1670490634;"2022/12/08 10:10:34";18.6;14.5;0;591
1670491237;"2022/12/08 10:20:37";18.6;14.5;0;603
1670491839;"2022/12/08 10:30:39";18.5;14.5;0;602
1670492441;"2022/12/08 10:40:41";18.4;14.5;0;602
1670493033;"2022/12/08 10:50:33";18.4;14.5;0;592
1670493636;"2022/12/08 11:00:36";18.3;14.5;0;603
1670494238;"2022/12/08 11:10:38";18.3;14.5;0;602
1670494840;"2022/12/08 11:20:40";18.2;14.5;0;602
1670495432;"2022/12/08 11:30:32";18.1;14.5;0;592
1670496034;"2022/12/08 11:40:34";18.1;14.5;0;602
1670496637;"2022/12/08 11:50:37";18;14.5;0;603
1670497239;"2022/12/08 12:00:39";18;14.5;0;602
1670497842;"2022/12/08 12:10:42";18;14.5;0;603
1670498433;"2022/12/08 12:20:33";18.1;14.5;0;591
1670499036;"2022/12/08 12:30:36";18.1;14.5;0;603
1670499638;"2022/12/08 12:40:38";18;14.5;0;602
1670500241;"2022/12/08 12:50:41";18;14.5;0;603
1670500843;"2022/12/08 13:00:43";18.1;14.5;0;602
1670501435;"2022/12/08 13:10:35";18.1;14.5;0;592
1670502037;"2022/12/08 13:20:37";18.2;14.5;0;602
1670502640;"2022/12/08 13:30:40";18.2;14.5;0;603
1670503242;"2022/12/08 13:40:42";18.2;14.5;0;602
1670503834;"2022/12/08 13:50:34";18.2;14.5;0;592
1670504436;"2022/12/08 14:00:36";18.1;14.5;0;602
1670505038;"2022/12/08 14:10:38";18.1;14.5;0;602
1670505641;"2022/12/08 14:20:41";18;14.5;0;603
1670506233;"2022/12/08 14:30:33";18;14.5;0;592
1670506835;"2022/12/08 14:40:35";17.9;14.5;0;602
1670507437;"2022/12/08 14:50:37";17.9;14.5;0;602
1670508040;"2022/12/08 15:00:40";17.9;14.5;0;603
1670508642;"2022/12/08 15:10:42";17.8;14.5;0;602
1670509234;"2022/12/08 15:20:34";17.7;14.5;0;592
1670509836;"2022/12/08 15:30:36";17.6;14.5;0;602
1670510439;"2022/12/08 15:40:39";17.6;14.5;0;603
1670511040;"2022/12/08 15:50:40";17.6;14.5;0;601
1670511632;"2022/12/08 16:00:32";17.6;14.5;0;592
1670512234;"2022/12/08 16:10:34";17.5;14.5;0;602
1670512837;"2022/12/08 16:20:37";17.5;14.5;0;603
1670513439;"2022/12/08 16:30:39";17.5;14.5;0;602
1670514041;"2022/12/08 16:40:41";17.5;14.5;0;602
1670514633;"2022/12/08 16:50:33";17.4;14.5;0;592
1670514698;"2022/12/08 16:51:38";17.4;18.5;0;65
1670515289;"2022/12/08 17:01:29";17.4;18.5;591;0
1670515892;"2022/12/08 17:11:32";17.7;18.5;603;0
1670516494;"2022/12/08 17:21:34";18;18.5;602;0
1670517097;"2022/12/08 17:31:37";18.4;18.5;399;204
1670517688;"2022/12/08 17:41:28";18.5;18.5;0;591
1670518291;"2022/12/08 17:51:31";18.5;18.5;0;603
1670518893;"2022/12/08 18:01:33";18.4;18.5;0;602
1670519495;"2022/12/08 18:11:35";18.4;18.5;150;452
1670520098;"2022/12/08 18:21:38";18.3;18.5;280;323
1670520690;"2022/12/08 18:31:30";18.4;18.5;268;324
1670521292;"2022/12/08 18:41:32";18.5;18.5;280;322
1670521894;"2022/12/08 18:51:34";18.6;18.5;119;483
1670522497;"2022/12/08 19:01:37";18.6;18.5;0;603
1670523088;"2022/12/08 19:11:28";18.5;18.5;0;591
1670523691;"2022/12/08 19:21:31";18.4;18.5;322;281
1670524293;"2022/12/08 19:31:33";18.4;18.5;323;279
1670524896;"2022/12/08 19:41:36";18.4;18.5;387;216
1670525487;"2022/12/08 19:51:27";18.5;18.5;258;333
1670526090;"2022/12/08 20:01:30";18.6;18.5;129;474
1670526692;"2022/12/08 20:11:32";18.6;18.5;0;602
1670527295;"2022/12/08 20:21:35";18.6;18.5;0;603
1670527897;"2022/12/08 20:31:37";18.5;18.5;161;441
1670528489;"2022/12/08 20:41:29";18.5;18.5;139;453
1670529091;"2022/12/08 20:51:31";18.5;18.5;214;388
1670529693;"2022/12/08 21:01:33";18.5;18.5;216;386
1670530296;"2022/12/08 21:11:36";18.6;18.5;172;431
1670530888;"2022/12/08 21:21:28";18.6;18.5;0;592
1670531490;"2022/12/08 21:31:30";18.6;18.5;0;602
1670532092;"2022/12/08 21:41:32";18.6;18.5;0;602
1670532695;"2022/12/08 21:51:35";18.6;18.5;0;603
1670533297;"2022/12/08 22:01:37";18.5;18.5;129;473
1670533889;"2022/12/08 22:11:29";18.5;18.5;129;463
1670534491;"2022/12/08 22:21:31";18.5;18.5;0;602
1670535029;"2022/12/08 22:30:29";18.5;14.5;129;409
1670535621;"2022/12/08 22:40:21";18.5;14.5;0;592
1670536223;"2022/12/08 22:50:23";18.4;14.5;0;602
1670536826;"2022/12/08 23:00:26";18.4;14.5;0;603
1670537428;"2022/12/08 23:10:28";18.4;14.5;0;602
1670538020;"2022/12/08 23:20:20";18.4;14.5;0;592
1670538622;"2022/12/08 23:30:22";18.3;14.5;0;602
1670539225;"2022/12/08 23:40:25";18.2;14.5;0;603
1670539827;"2022/12/08 23:50:27";18.1;14.5;0;602
1670540419;"2022/12/09 00:00:19";18;14.5;0;592
1670541021;"2022/12/09 00:10:21";18;14.5;0;602
1670541623;"2022/12/09 00:20:23";17.9;14.5;0;602
1670542226;"2022/12/09 00:30:26";17.9;14.5;0;603
1670542828;"2022/12/09 00:40:28";17.8;14.5;0;602
1670543420;"2022/12/09 00:50:20";17.8;14.5;0;592
1670544022;"2022/12/09 01:00:22";17.7;14.5;0;602
1670544625;"2022/12/09 01:10:25";17.7;14.5;0;603
1670545227;"2022/12/09 01:20:27";17.7;14.5;0;602
1670545819;"2022/12/09 01:30:19";17.6;14.5;0;592
1670546421;"2022/12/09 01:40:21";17.6;14.5;0;602
1670547024;"2022/12/09 01:50:24";17.6;14.5;0;603
1670547626;"2022/12/09 02:00:26";17.5;14.5;0;602
1670548229;"2022/12/09 02:10:29";17.5;14.5;0;603
1670548820;"2022/12/09 02:20:20";17.4;14.5;0;591
1670549423;"2022/12/09 02:30:23";17.4;14.5;0;603
1670550025;"2022/12/09 02:40:25";17.4;14.5;0;602
1670550627;"2022/12/09 02:50:27";17.3;14.5;0;602
1670551219;"2022/12/09 03:00:19";17.3;14.5;0;592
1670551822;"2022/12/09 03:10:22";17.3;14.5;0;603
1670552424;"2022/12/09 03:20:24";17.2;14.5;0;602
1670553026;"2022/12/09 03:30:26";17.2;14.5;0;602
1670553629;"2022/12/09 03:40:29";17.2;14.5;0;603
1670554220;"2022/12/09 03:50:20";17.1;14.5;0;591
1670554823;"2022/12/09 04:00:23";17.1;14.5;0;603
1670555425;"2022/12/09 04:10:25";17.1;14.5;0;602
1670556028;"2022/12/09 04:20:28";17;14.5;0;603
1670556619;"2022/12/09 04:30:19";17;14.5;0;591
1670557222;"2022/12/09 04:40:22";17;14.5;0;603
1670557824;"2022/12/09 04:50:24";17;14.5;0;602
1670558427;"2022/12/09 05:00:27";16.9;14.5;0;603
1670559029;"2022/12/09 05:10:29";16.9;14.5;0;602
1670559621;"2022/12/09 05:20:21";16.9;14.5;0;592
1670560223;"2022/12/09 05:30:23";16.9;14.5;0;602
1670560826;"2022/12/09 05:40:26";16.8;14.5;0;603
1670561428;"2022/12/09 05:50:28";16.8;14.5;0;602
1670562020;"2022/12/09 06:00:20";16.8;14.5;0;592
1670562622;"2022/12/09 06:10:22";16.8;14.5;0;602
1670563224;"2022/12/09 06:20:24";16.7;14.5;0;602
1670563687;"2022/12/09 06:28:07";16.7;18.5;0;463
1670564279;"2022/12/09 06:37:59";16.7;18.5;592;0
1670564881;"2022/12/09 06:48:01";16.9;18.5;602;0
1670565484;"2022/12/09 06:58:04";17.3;18.5;603;0
1670566086;"2022/12/09 07:08:06";17.6;18.5;602;0
1670566678;"2022/12/09 07:17:58";17.9;18.5;592;0
1670567280;"2022/12/09 07:28:00";18.1;18.5;602;0
1670567882;"2022/12/09 07:38:02";18.3;18.5;344;258
1670568485;"2022/12/09 07:48:05";18.4;18.5;216;387
1670569077;"2022/12/09 07:57:57";18.4;18.5;236;356
1670569679;"2022/12/09 08:07:59";18.4;18.5;258;344
1670570281;"2022/12/09 08:18:01";18.3;18.5;322;280
1670570884;"2022/12/09 08:28:04";18.3;18.5;451;152
1670571486;"2022/12/09 08:38:06";18.5;18.5;387;215
1670572079;"2022/12/09 08:47:59";18.6;18.5;388;205
1670572681;"2022/12/09 08:58:01";18.7;18.5;0;602
1670573284;"2022/12/09 09:08:04";18.6;18.5;194;409
1670573886;"2022/12/09 09:18:06";18.5;18.5;258;344
1670574478;"2022/12/09 09:27:58";18.5;18.5;204;388
1670575080;"2022/12/09 09:38:00";18.6;18.5;279;323
1670575683;"2022/12/09 09:48:03";18.6;18.5;150;453
1670576285;"2022/12/09 09:58:05";18.6;18.5;10;592
1670576468;"2022/12/09 10:01:08";18.6;14.5;0;183
1670577060;"2022/12/09 10:11:00";18.5;14.5;0;592
1670577662;"2022/12/09 10:21:02";18.4;14.5;0;602
1670578264;"2022/12/09 10:31:04";18.4;14.5;0;602
1670578867;"2022/12/09 10:41:07";18.3;14.5;0;603
1670579458;"2022/12/09 10:50:58";18.3;14.5;0;591
1670580061;"2022/12/09 11:01:01";18.2;14.5;0;603
1670580663;"2022/12/09 11:11:03";18;14.5;0;602
1670581266;"2022/12/09 11:21:06";18;14.5;0;603
1670581857;"2022/12/09 11:30:57";17.9;14.5;0;591
1670582460;"2022/12/09 11:41:00";17.8;14.5;0;603
1670583062;"2022/12/09 11:51:02";17.7;14.5;0;602
1670583665;"2022/12/09 12:01:05";17.7;14.5;0;603
1670584267;"2022/12/09 12:11:07";17.6;14.5;0;602
1670584859;"2022/12/09 12:20:59";17.6;14.5;0;592
1670585461;"2022/12/09 12:31:01";17.5;14.5;0;602
1670586064;"2022/12/09 12:41:04";17.5;14.5;0;603
1670586666;"2022/12/09 12:51:06";17.4;14.5;0;602
1670587268;"2022/12/09 13:01:08";17.4;14.5;0;602
1670587860;"2022/12/09 13:11:00";17.4;14.5;0;592
1670588462;"2022/12/09 13:21:02";17.3;14.5;0;602
1670589065;"2022/12/09 13:31:05";17.3;14.5;0;603
1670589667;"2022/12/09 13:41:07";17.3;14.5;0;602
1670590259;"2022/12/09 13:50:59";17.3;14.5;0;592
1670590861;"2022/12/09 14:01:01";17.3;14.5;0;602
1670591464;"2022/12/09 14:11:04";17.3;14.5;0;603
1670592066;"2022/12/09 14:21:06";17.3;14.5;0;602
1670592658;"2022/12/09 14:30:58";17.3;14.5;0;592
1670593260;"2022/12/09 14:41:00";17.3;14.5;0;602
1670593863;"2022/12/09 14:51:03";17.3;14.5;0;603
1670594465;"2022/12/09 15:01:05";17.3;14.5;0;602
1670595067;"2022/12/09 15:11:07";17.2;14.5;0;602
1670595659;"2022/12/09 15:20:59";17.2;14.5;0;592
1670596262;"2022/12/09 15:31:02";17.1;14.5;0;603
1670596864;"2022/12/09 15:41:04";17.1;14.5;0;602
1670597466;"2022/12/09 15:51:06";17;14.5;0;602
1670598058;"2022/12/09 16:00:58";17;14.5;0;592
1670598660;"2022/12/09 16:11:00";17;14.5;0;602
1670599263;"2022/12/09 16:21:03";17;14.5;0;603
1670599833;"2022/12/09 16:30:33";17;18.5;0;570
1670600425;"2022/12/09 16:40:25";17;18.5;592;0
1670601027;"2022/12/09 16:50:27";17.1;18.5;602;0
1670601630;"2022/12/09 17:00:30";17.4;18.5;603;0
1670602232;"2022/12/09 17:10:32";17.8;18.5;602;0
1670602824;"2022/12/09 17:20:24";18;18.5;592;0
1670603426;"2022/12/09 17:30:26";18.3;18.5;430;172
1670604028;"2022/12/09 17:40:28";18.4;18.5;129;473
1670604631;"2022/12/09 17:50:31";18.4;12;0;603
1670605233;"2022/12/09 18:00:33";18.3;12;0;602
1670605825;"2022/12/09 18:10:25";18.2;12;0;592
1670606427;"2022/12/09 18:20:27";18.1;12;0;602
1670607030;"2022/12/09 18:30:30";18;12;0;603
1670607632;"2022/12/09 18:40:32";17.9;12;0;602
1670608224;"2022/12/09 18:50:24";17.9;12;0;592
1670608826;"2022/12/09 19:00:26";17.8;12;0;602
1670609429;"2022/12/09 19:10:29";17.7;12;0;603
1670610031;"2022/12/09 19:20:31";17.6;12;0;602
1670610634;"2022/12/09 19:30:34";17.5;12;0;603
1670611225;"2022/12/09 19:40:25";17.5;12;0;591
1670611828;"2022/12/09 19:50:28";17.4;12;0;603
1670612430;"2022/12/09 20:00:30";17.3;12;0;602
1670613032;"2022/12/09 20:10:32";17.3;12;0;602
1670613624;"2022/12/09 20:20:24";17.2;12;0;592
1670614227;"2022/12/09 20:30:27";17.2;12;0;603
1670614829;"2022/12/09 20:40:29";17.1;12;0;602
1670615227;"2022/12/09 20:47:07";17.1;18.5;0;398
1670615819;"2022/12/09 20:56:59";17.1;18.5;592;0
1670616421;"2022/12/09 21:07:01";17.3;18.5;602;0
1670617023;"2022/12/09 21:17:03";17.6;18.5;602;0
1670617626;"2022/12/09 21:27:06";17.9;18.5;603;0
1670618218;"2022/12/09 21:36:58";18.1;18.5;592;0
1670618820;"2022/12/09 21:47:00";18.3;18.5;279;323
1670619422;"2022/12/09 21:57:02";18.4;18.5;151;451
1670620025;"2022/12/09 22:07:05";18.4;18.5;215;388
1670620627;"2022/12/09 22:17:07";18.5;18.5;300;302
1670621219;"2022/12/09 22:26:59";18.5;18.5;194;398
1670621821;"2022/12/09 22:37:01";18.5;18.5;258;344
1670622424;"2022/12/09 22:47:04";18.5;18.5;193;410
1670623026;"2022/12/09 22:57:06";18.5;18.5;194;408
1670623230;"2022/12/09 23:00:30";18.5;14.5;0;204
1670623822;"2022/12/09 23:10:22";18.5;14.5;0;592
1670624425;"2022/12/09 23:20:25";18.4;14.5;0;603
1670625027;"2022/12/09 23:30:27";18.3;14.5;0;602
1670625629;"2022/12/09 23:40:29";18.2;14.5;0;602
1670626221;"2022/12/09 23:50:21";18.1;14.5;0;592
1670626823;"2022/12/10 00:00:23";18.1;14.5;0;602
1670627426;"2022/12/10 00:10:26";17.9;14.5;0;603
1670628028;"2022/12/10 00:20:28";17.9;14.5;0;602
1670628620;"2022/12/10 00:30:20";17.9;14.5;0;592
1670629222;"2022/12/10 00:40:22";17.9;14.5;0;602
1670629825;"2022/12/10 00:50:25";17.9;14.5;0;603
1670630427;"2022/12/10 01:00:27";17.9;14.5;0;602
1670631030;"2022/12/10 01:10:30";17.8;14.5;0;603
1670631621;"2022/12/10 01:20:21";17.7;14.5;0;591
1670632224;"2022/12/10 01:30:24";17.6;14.5;0;603
1670632826;"2022/12/10 01:40:26";17.5;14.5;0;602
1670633429;"2022/12/10 01:50:29";17.5;14.5;0;603
1670634020;"2022/12/10 02:00:20";17.4;14.5;0;591
1670634623;"2022/12/10 02:10:23";17.3;14.5;0;603
1670635225;"2022/12/10 02:20:25";17.3;14.5;0;602
1670635827;"2022/12/10 02:30:27";17.2;14.5;0;602
1670636430;"2022/12/10 02:40:30";17.2;14.5;0;603
1670637022;"2022/12/10 02:50:22";17.1;14.5;0;592
1670637624;"2022/12/10 03:00:24";17.1;14.5;0;602
1670638226;"2022/12/10 03:10:26";17.1;14.5;0;602
1670638829;"2022/12/10 03:20:29";17;14.5;0;603
1670639420;"2022/12/10 03:30:20";17;14.5;0;591
1670640023;"2022/12/10 03:40:23";17;14.5;0;603
1670640625;"2022/12/10 03:50:25";16.9;14.5;0;602
1670641228;"2022/12/10 04:00:28";16.9;14.5;0;603
1670641830;"2022/12/10 04:10:30";16.9;14.5;0;602
1670642422;"2022/12/10 04:20:22";16.8;14.5;0;592
1670643024;"2022/12/10 04:30:24";16.8;14.5;0;602
1670643627;"2022/12/10 04:40:27";16.8;14.5;0;603
1670644229;"2022/12/10 04:50:29";16.7;14.5;0;602
1670644821;"2022/12/10 05:00:21";16.7;14.5;0;592
1670645423;"2022/12/10 05:10:23";16.7;14.5;0;602
1670646026;"2022/12/10 05:20:26";16.6;14.5;0;603
1670646628;"2022/12/10 05:30:28";16.6;14.5;0;602
1670647230;"2022/12/10 05:40:30";16.6;14.5;0;602
1670647822;"2022/12/10 05:50:22";16.6;14.5;0;592
1670648424;"2022/12/10 06:00:24";16.5;14.5;0;602
1670649027;"2022/12/10 06:10:27";16.5;14.5;0;603
1670649629;"2022/12/10 06:20:29";16.5;14.5;0;602
1670650221;"2022/12/10 06:30:21";16.5;14.5;0;592
1670650823;"2022/12/10 06:40:23";16.4;14.5;0;602
1670651426;"2022/12/10 06:50:26";16.4;14.5;0;603
1670652028;"2022/12/10 07:00:28";16.4;14.5;0;602
1670652631;"2022/12/10 07:10:31";16.4;14.5;0;603
1670652856;"2022/12/10 07:14:16";16.4;18.5;0;225
1670653448;"2022/12/10 07:24:08";16.4;18.5;592;0
1670654051;"2022/12/10 07:34:11";16.5;18.5;603;0
1670654653;"2022/12/10 07:44:13";16.9;18.5;602;0
1670655255;"2022/12/10 07:54:15";17.2;18.5;602;0
1670655847;"2022/12/10 08:04:07";17.4;18.5;592;0
1670656449;"2022/12/10 08:14:09";17.6;18.5;602;0
1670657052;"2022/12/10 08:24:12";17.9;18.5;603;0
1670657654;"2022/12/10 08:34:14";18;18.5;602;0
1670658246;"2022/12/10 08:44:06";18.2;18.5;398;194
1670658848;"2022/12/10 08:54:08";18.2;18.5;291;311
1670659451;"2022/12/10 09:04:11";18.3;18.5;387;216
1670660053;"2022/12/10 09:14:13";18.3;18.5;322;280
1670660656;"2022/12/10 09:24:16";18.4;18.5;506;97
1670661247;"2022/12/10 09:34:07";18.5;18.5;396;195
1670661849;"2022/12/10 09:44:09";18.6;18.5;321;281
1670662451;"2022/12/10 09:54:11";18.6;18.5;193;409
1670663054;"2022/12/10 10:04:14";18.6;18.5;194;409
1670663645;"2022/12/10 10:14:05";18.5;18.5;269;322
1670664248;"2022/12/10 10:24:08";18.5;18.5;280;323
1670664850;"2022/12/10 10:34:10";18.6;18.5;408;194
1670665452;"2022/12/10 10:44:12";18.8;18.5;140;462
1670666055;"2022/12/10 10:54:15";18.7;18.5;0;603
1670666474;"2022/12/10 11:01:14";18.7;14.5;0;419
1670667066;"2022/12/10 11:11:06";18.6;14.5;0;592
1670667668;"2022/12/10 11:21:08";18.5;14.5;0;602
1670668271;"2022/12/10 11:31:11";18.4;14.5;0;603
1670668873;"2022/12/10 11:41:13";18.3;14.5;0;602
1670669465;"2022/12/10 11:51:05";18.2;14.5;0;592
1670670067;"2022/12/10 12:01:07";18.1;14.5;0;602
1670670670;"2022/12/10 12:11:10";18;14.5;0;603
1670671272;"2022/12/10 12:21:12";18;14.5;0;602
1670671864;"2022/12/10 12:31:04";17.9;14.5;0;592
1670672466;"2022/12/10 12:41:06";17.9;14.5;0;602
1670673069;"2022/12/10 12:51:09";17.8;14.5;0;603
1670673671;"2022/12/10 13:01:11";17.7;14.5;0;602
1670674274;"2022/12/10 13:11:14";17.7;14.5;0;603
1670674865;"2022/12/10 13:21:05";17.6;14.5;0;591
1670675468;"2022/12/10 13:31:08";17.5;14.5;0;603
1670676070;"2022/12/10 13:41:10";17.5;14.5;0;602
1670676672;"2022/12/10 13:51:12";17.4;14.5;0;602
1670677275;"2022/12/10 14:01:15";17.4;14.5;0;603
1670677867;"2022/12/10 14:11:07";17.3;14.5;0;592
1670678469;"2022/12/10 14:21:09";17.3;14.5;0;602
1670679071;"2022/12/10 14:31:11";17.2;14.5;0;602
1670679674;"2022/12/10 14:41:14";17.2;14.5;0;603
1670680265;"2022/12/10 14:51:05";17.2;14.5;0;591
1670680620;"2022/12/10 14:57:00";17.2;18.5;0;355
1670681212;"2022/12/10 15:06:52";17.2;18.5;592;0
1670681815;"2022/12/10 15:16:55";17.5;18.5;603;0
1670682417;"2022/12/10 15:26:57";17.8;18.5;602;0
1670683019;"2022/12/10 15:36:59";18.1;18.5;602;0
1670683611;"2022/12/10 15:46:51";18.3;18.5;259;333
1670684213;"2022/12/10 15:56:53";18.4;18.5;128;474
1670684246;"2022/12/10 15:57:26";18.4;14.5;0;33
1670684837;"2022/12/10 16:07:17";18.4;14.5;0;591
1670685343;"2022/12/10 16:15:43";18.4;18.5;0;506
1670685935;"2022/12/10 16:25:35";18.3;18.5;11;581
1670686537;"2022/12/10 16:35:37";18.3;18.5;602;0
1670687139;"2022/12/10 16:45:39";18.5;18.5;354;248
1670687742;"2022/12/10 16:55:42";18.6;18.5;0;603
1670688334;"2022/12/10 17:05:34";18.5;18.5;0;592
1670688936;"2022/12/10 17:15:36";18.5;18.5;0;602
1670689538;"2022/12/10 17:25:38";18.4;18.5;0;602
1670690141;"2022/12/10 17:35:41";18.4;18.5;0;603
1670690732;"2022/12/10 17:45:32";18.4;18.5;0;591
1670691335;"2022/12/10 17:55:35";18.3;18.5;248;355
1670691937;"2022/12/10 18:05:37";18.4;18.5;280;322
1670692540;"2022/12/10 18:15:40";18.5;18.5;279;324
1670693142;"2022/12/10 18:25:42";18.6;18.5;32;570
1670693734;"2022/12/10 18:35:34";18.6;18.5;0;592
1670694336;"2022/12/10 18:45:36";18.6;18.5;21;581
1670694939;"2022/12/10 18:55:39";18.5;18.5;108;495
1670695541;"2022/12/10 19:05:41";18.5;18.5;0;602
1670696133;"2022/12/10 19:15:33";18.4;18.5;193;399
1670696735;"2022/12/10 19:25:35";18.4;18.5;129;473
1670697338;"2022/12/10 19:35:38";18.4;18.5;194;409
1670697940;"2022/12/10 19:45:40";18.4;18.5;194;408
1670698542;"2022/12/10 19:55:42";18.4;18.5;258;344
1670699134;"2022/12/10 20:05:34";18.4;18.5;258;334
1670699736;"2022/12/10 20:15:36";18.5;18.5;194;408
1670700339;"2022/12/10 20:25:39";18.6;18.5;0;603
1670700941;"2022/12/10 20:35:41";18.6;18.5;129;473
1670701533;"2022/12/10 20:45:33";18.6;18.5;0;592
1670702135;"2022/12/10 20:55:35";18.5;18.5;75;527
1670702738;"2022/12/10 21:05:38";18.5;18.5;119;484
1670703340;"2022/12/10 21:15:40";18.5;18.5;0;602
1670703943;"2022/12/10 21:25:43";18.5;18.5;194;409
1670704534;"2022/12/10 21:35:34";18.5;18.5;0;591
1670705137;"2022/12/10 21:45:37";18.4;18.5;194;409
1670705739;"2022/12/10 21:55:39";18.4;18.5;193;409
1670706342;"2022/12/10 22:05:42";18.5;18.5;194;409
1670706933;"2022/12/10 22:15:33";18.5;18.5;129;462
1670707536;"2022/12/10 22:25:36";18.5;18.5;193;410
1670708138;"2022/12/10 22:35:38";18.5;18.5;0;602
1670708740;"2022/12/10 22:45:40";18.5;18.5;226;376
1670709343;"2022/12/10 22:55:43";18.5;18.5;215;388
1670709676;"2022/12/10 23:01:16";18.5;14.5;11;322
1670710268;"2022/12/10 23:11:08";18.6;14.5;0;592
1670710870;"2022/12/10 23:21:10";18.5;14.5;0;602
1670711473;"2022/12/10 23:31:13";18.5;14.5;0;603
1670712075;"2022/12/10 23:41:15";18.4;14.5;0;602
1670712667;"2022/12/10 23:51:07";18.3;14.5;0;592
{"status":"ok","time_exec":0.2744560241699219,"time_server":1670775030}